2026-09-30T10:23:25.815+05:30  INFO 21808 --- [siec-accounting] [restartedMain] com.siec_acc.SiecAccountingApplication   : Starting SiecAccountingApplication using Java 21.0.7 with PID 21808 (C:\Users\sarvadnya\OneDrive\Desktop\SIEC-Project\siec_acc_admin_backend_v1_0\target\classes started by sarvadnya in C:\Users\sarvadnya\OneDrive\Desktop\SIEC-Project\siec_acc_admin_backend_v1_0)
2026-09-30T10:23:25.827+05:30  INFO 21808 --- [siec-accounting] [restartedMain] com.siec_acc.SiecAccountingApplication   : No active profile set, falling back to 1 default profile: "default"
2026-09-30T10:23:25.893+05:30  INFO 21808 --- [siec-accounting] [restartedMain] o.s.b.devtools.restart.ChangeableUrls    : The Class-Path manifest attribute in C:\Users\sarvadnya\.m2\repository\io\github\cdimascio\java-dotenv\5.2.2\java-dotenv-5.2.2.jar referenced one or more files that do not exist: file:/C:/Users/sarvadnya/.m2/repository/io/github/cdimascio/java-dotenv/5.2.2/kotlin-stdlib-1.4.0.jar,file:/C:/Users/sarvadnya/.m2/repository/io/github/cdimascio/java-dotenv/5.2.2/kotlin-stdlib-common-1.4.0.jar,file:/C:/Users/sarvadnya/.m2/repository/io/github/cdimascio/java-dotenv/5.2.2/annotations-13.0.jar
2026-09-30T10:23:25.894+05:30  INFO 21808 --- [siec-accounting] [restartedMain] .e.DevToolsPropertyDefaultsPostProcessor : Devtools property defaults active! Set 'spring.devtools.add-properties' to 'false' to disable
2026-09-30T10:23:25.894+05:30  INFO 21808 --- [siec-accounting] [restartedMain] .e.DevToolsPropertyDefaultsPostProcessor : For additional web related logging consider setting the 'logging.level.web' property to 'DEBUG'
2026-09-30T10:23:27.206+05:30  INFO 21808 --- [siec-accounting] [restartedMain] .s.d.r.c.RepositoryConfigurationDelegate : Multiple Spring Data modules found, entering strict repository configuration mode
2026-09-30T10:23:27.208+05:30  INFO 21808 --- [siec-accounting] [restartedMain] .s.d.r.c.RepositoryConfigurationDelegate : Bootstrapping Spring Data JDBC repositories in DEFAULT mode.
2026-09-30T10:23:27.273+05:30  INFO 21808 --- [siec-accounting] [restartedMain] .RepositoryConfigurationExtensionSupport : Spring Data JDBC - Could not safely identify store assignment for repository candidate interface com.siec_acc.repository.AdminRepository; If you want this repository to be a JDBC repository, consider annotating your entities with one of these annotations: org.springframework.data.relational.core.mapping.Table.
2026-09-30T10:23:27.276+05:30  INFO 21808 --- [siec-accounting] [restartedMain] .RepositoryConfigurationExtensionSupport : Spring Data JDBC - Could not safely identify store assignment for repository candidate interface com.siec_acc.repository.ClientRepository; If you want this repository to be a JDBC repository, consider annotating your entities with one of these annotations: org.springframework.data.relational.core.mapping.Table.
2026-09-30T10:23:27.278+05:30  INFO 21808 --- [siec-accounting] [restartedMain] .RepositoryConfigurationExtensionSupport : Spring Data JDBC - Could not safely identify store assignment for repository candidate interface com.siec_acc.repository.InventoryHistoryRepository; If you want this repository to be a JDBC repository, consider annotating your entities with one of these annotations: org.springframework.data.relational.core.mapping.Table.
2026-09-30T10:23:27.281+05:30  INFO 21808 --- [siec-accounting] [restartedMain] .RepositoryConfigurationExtensionSupport : Spring Data JDBC - Could not safely identify store assignment for repository candidate interface com.siec_acc.repository.InventoryRepository; If you want this repository to be a JDBC repository, consider annotating your entities with one of these annotations: org.springframework.data.relational.core.mapping.Table.
2026-09-30T10:23:27.283+05:30  INFO 21808 --- [siec-accounting] [restartedMain] .RepositoryConfigurationExtensionSupport : Spring Data JDBC - Could not safely identify store assignment for repository candidate interface com.siec_acc.repository.ProductRepository; If you want this repository to be a JDBC repository, consider annotating your entities with one of these annotations: org.springframework.data.relational.core.mapping.Table.
2026-09-30T10:23:27.286+05:30  INFO 21808 --- [siec-accounting] [restartedMain] .RepositoryConfigurationExtensionSupport : Spring Data JDBC - Could not safely identify store assignment for repository candidate interface com.siec_acc.repository.VariantRepository; If you want this repository to be a JDBC repository, consider annotating your entities with one of these annotations: org.springframework.data.relational.core.mapping.Table.
2026-09-30T10:23:27.287+05:30  INFO 21808 --- [siec-accounting] [restartedMain] .s.d.r.c.RepositoryConfigurationDelegate : Finished Spring Data repository scanning in 67 ms. Found 0 JDBC repository interfaces.
2026-09-30T10:23:27.306+05:30  INFO 21808 --- [siec-accounting] [restartedMain] .s.d.r.c.RepositoryConfigurationDelegate : Multiple Spring Data modules found, entering strict repository configuration mode
2026-09-30T10:23:27.308+05:30  INFO 21808 --- [siec-accounting] [restartedMain] .s.d.r.c.RepositoryConfigurationDelegate : Bootstrapping Spring Data JPA repositories in DEFAULT mode.
2026-09-30T10:23:27.381+05:30  INFO 21808 --- [siec-accounting] [restartedMain] .s.d.r.c.RepositoryConfigurationDelegate : Finished Spring Data repository scanning in 63 ms. Found 6 JPA repository interfaces.
2026-09-30T10:23:28.401+05:30  INFO 21808 --- [siec-accounting] [restartedMain] o.s.boot.tomcat.TomcatWebServer          : Tomcat initialized with port 9093 (http)
2026-09-30T10:23:28.423+05:30  INFO 21808 --- [siec-accounting] [restartedMain] o.apache.catalina.core.StandardService   : Starting service [Tomcat]
2026-09-30T10:23:28.424+05:30  INFO 21808 --- [siec-accounting] [restartedMain] o.apache.catalina.core.StandardEngine    : Starting Servlet engine: [Apache Tomcat/11.0.24]
2026-09-30T10:23:28.482+05:30  INFO 21808 --- [siec-accounting] [restartedMain] b.w.c.s.WebApplicationContextInitializer : Root WebApplicationContext: initialization completed in 2587 ms
2026-09-30T10:23:28.699+05:30  INFO 21808 --- [siec-accounting] [restartedMain] org.hibernate.orm.jpa                    : HHH008540: Processing PersistenceUnitInfo [name: default]
2026-09-30T10:23:28.796+05:30  INFO 21808 --- [siec-accounting] [restartedMain] org.hibernate.orm.core                   : HHH000001: Hibernate ORM core version 7.4.5.Final
2026-09-30T10:23:29.412+05:30  INFO 21808 --- [siec-accounting] [restartedMain] o.s.o.j.p.SpringPersistenceUnitInfo      : No LoadTimeWeaver setup: ignoring JPA class transformer
2026-09-30T10:23:29.458+05:30  INFO 21808 --- [siec-accounting] [restartedMain] com.zaxxer.hikari.HikariDataSource       : HikariPool-1 - Starting...
2026-09-30T10:23:29.716+05:30  INFO 21808 --- [siec-accounting] [restartedMain] com.zaxxer.hikari.pool.HikariPool        : HikariPool-1 - Added connection com.mysql.cj.jdbc.ConnectionImpl@3deb553
2026-09-30T10:23:29.718+05:30  INFO 21808 --- [siec-accounting] [restartedMain] com.zaxxer.hikari.HikariDataSource       : HikariPool-1 - Start completed.
2026-09-30T10:23:29.826+05:30  INFO 21808 --- [siec-accounting] [restartedMain] org.hibernate.orm.connections.pooling    : HHH10001005: Database info:
	Database JDBC URL [jdbc:mysql://localhost:3306/siec_acc_db?useSSL=false&serverTimezone=UTC&allowPublicKeyRetrieval=true&allowPublicKeyRetrieval=true]
	Database driver: MySQL Connector/J
	Database dialect: MySQLDialect
	Database version: 8.0.44
	Default catalog/schema: siec_acc_db/undefined
	Autocommit mode: undefined/unknown
	Isolation level: REPEATABLE_READ [default REPEATABLE_READ]
	JDBC fetch size: none
	Pool: DataSourceConnectionProvider
	Minimum pool size: undefined/unknown
	Maximum pool size: undefined/unknown
2026-09-30T10:23:31.464+05:30  INFO 21808 --- [siec-accounting] [restartedMain] org.hibernate.orm.core                   : HHH000489: No JTA platform available (set 'hibernate.transaction.jta.platform' to enable JTA platform integration)
2026-09-30T10:23:31.582+05:30  INFO 21808 --- [siec-accounting] [restartedMain] j.LocalContainerEntityManagerFactoryBean : Initialized JPA EntityManagerFactory for persistence unit 'default'
2026-09-30T10:23:31.682+05:30  INFO 21808 --- [siec-accounting] [restartedMain] o.s.d.j.r.query.QueryEnhancerFactories   : Hibernate is in classpath; If applicable, HQL parser will be used.
2026-09-30T10:23:32.290+05:30  INFO 21808 --- [siec-accounting] [restartedMain] com.siec_acc.security.SecurityConfig     : SecurityConfig bean initialized
2026-09-30T10:23:32.306+05:30  INFO 21808 --- [siec-accounting] [restartedMain] com.siec_acc.security.AuthController     : AuthController initialized
2026-09-30T10:23:32.391+05:30  WARN 21808 --- [siec-accounting] [restartedMain] JpaBaseConfiguration$JpaWebConfiguration : spring.jpa.open-in-view is enabled by default. Therefore, database queries may be performed during view rendering. Explicitly configure spring.jpa.open-in-view to disable this warning
2026-09-30T10:23:32.554+05:30  INFO 21808 --- [siec-accounting] [restartedMain] eAuthenticationProviderManagerConfigurer : Global AuthenticationManager configured with AuthenticationProvider bean with name authenticationProvider
2026-09-30T10:23:32.555+05:30  WARN 21808 --- [siec-accounting] [restartedMain] r$InitializeUserDetailsManagerConfigurer : Global AuthenticationManager configured with an AuthenticationProvider bean. UserDetailsService beans will not be used by Spring Security for automatically configuring username/password login. Consider removing the AuthenticationProvider bean. Alternatively, consider using the UserDetailsService in a manually instantiated DaoAuthenticationProvider. If the current configuration is intentional, to turn off this warning, increase the logging level of 'org.springframework.security.config.annotation.authentication.configuration.InitializeUserDetailsBeanManagerConfigurer' to ERROR
2026-09-30T10:23:32.698+05:30  INFO 21808 --- [siec-accounting] [restartedMain] com.siec_acc.security.SecurityConfig     : SecurityFilterChain configured successfully (OAuth2 removed)
2026-09-30T10:23:32.909+05:30 DEBUG 21808 --- [siec-accounting] [restartedMain] s.w.s.m.m.a.RequestMappingHandlerMapping : 34 mappings in 'requestMappingHandlerMapping'
2026-09-30T10:23:32.958+05:30 DEBUG 21808 --- [siec-accounting] [restartedMain] o.s.w.s.handler.SimpleUrlHandlerMapping  : Patterns [/webjars/**, /**] in 'resourceHandlerMapping'
2026-09-30T10:23:32.996+05:30 DEBUG 21808 --- [siec-accounting] [restartedMain] s.w.s.m.m.a.RequestMappingHandlerAdapter : ControllerAdvice beans: 0 @ModelAttribute, 0 @InitBinder, 2 RequestBodyAdvice, 1 ResponseBodyAdvice
2026-09-30T10:23:33.077+05:30 DEBUG 21808 --- [siec-accounting] [restartedMain] .m.m.a.ExceptionHandlerExceptionResolver : ControllerAdvice beans: 1 @ExceptionHandler, 1 ResponseBodyAdvice
2026-09-30T10:23:33.680+05:30  INFO 21808 --- [siec-accounting] [restartedMain] o.s.boot.tomcat.TomcatWebServer          : Tomcat started on port 9093 (http) with context path '/'
2026-09-30T10:23:33.733+05:30  INFO 21808 --- [siec-accounting] [restartedMain] com.siec_acc.SiecAccountingApplication   : Started SiecAccountingApplication in 8.601 seconds (process running for 9.578)
2026-09-30T10:39:46.668+05:30  INFO 21808 --- [siec-accounting] [http-nio-9093-exec-1] o.a.c.c.C.[Tomcat].[localhost].[/]       : Initializing Spring DispatcherServlet 'dispatcherServlet'
2026-09-30T10:39:46.670+05:30  INFO 21808 --- [siec-accounting] [http-nio-9093-exec-1] o.s.web.servlet.DispatcherServlet        : Initializing Servlet 'dispatcherServlet'
2026-09-30T10:39:46.672+05:30 DEBUG 21808 --- [siec-accounting] [http-nio-9093-exec-1] o.s.web.servlet.DispatcherServlet        : Detected StandardServletMultipartResolver
2026-09-30T10:39:46.672+05:30 DEBUG 21808 --- [siec-accounting] [http-nio-9093-exec-1] o.s.web.servlet.DispatcherServlet        : Detected AcceptHeaderLocaleResolver
2026-09-30T10:39:46.679+05:30 DEBUG 21808 --- [siec-accounting] [http-nio-9093-exec-1] o.s.web.servlet.DispatcherServlet        : Detected org.springframework.web.servlet.view.DefaultRequestToViewNameTranslator@4e080bd0
2026-09-30T10:39:46.680+05:30 DEBUG 21808 --- [siec-accounting] [http-nio-9093-exec-1] o.s.web.servlet.DispatcherServlet        : Detected org.springframework.web.servlet.support.SessionFlashMapManager@606f6bab
2026-09-30T10:39:46.681+05:30 DEBUG 21808 --- [siec-accounting] [http-nio-9093-exec-1] o.s.web.servlet.DispatcherServlet        : enableLoggingRequestDetails='false': request parameters and headers will be masked to prevent unsafe logging of potentially sensitive data
2026-09-30T10:39:46.682+05:30  INFO 21808 --- [siec-accounting] [http-nio-9093-exec-1] o.s.web.servlet.DispatcherServlet        : Completed initialization in 11 ms
2026-09-30T10:39:46.815+05:30 DEBUG 21808 --- [siec-accounting] [http-nio-9093-exec-1] o.s.web.servlet.DispatcherServlet        : GET "/api/clients/v1/get-all-clients?status=all&gst=all&type=all&page=1&size=10", parameters={masked}
2026-09-30T10:39:46.841+05:30 DEBUG 21808 --- [siec-accounting] [http-nio-9093-exec-1] s.w.s.m.m.a.RequestMappingHandlerMapping : Mapped to com.siec_acc.controller.ClientController#getAllClients(String, String, String, String, Integer, Integer)
2026-09-30T10:39:46.923+05:30  INFO 21808 --- [siec-accounting] [http-nio-9093-exec-1] c.siec_acc.controller.ClientController   : API HIT: GET /get-all-clients | status=all gst=all type=all search= page=1 size=10
2026-09-30T10:39:46.925+05:30  INFO 21808 --- [siec-accounting] [http-nio-9093-exec-1] c.s.s.serviceImpl.ClientServiceImpl      : Fetching customers | status=all gst=all type=all search= page=1 size=10
2026-09-30T10:39:47.703+05:30 DEBUG 21808 --- [siec-accounting] [http-nio-9093-exec-1] o.s.w.s.m.m.a.HttpEntityMethodProcessor  : Using 'application/json', given [*/*] and supported [application/json, application/*+json]
2026-09-30T10:39:47.707+05:30 DEBUG 21808 --- [siec-accounting] [http-nio-9093-exec-1] o.s.w.s.m.m.a.HttpEntityMethodProcessor  : Writing [com.siec_acc.exceptions.ApiResponse@835eb38]
2026-09-30T10:39:47.960+05:30 DEBUG 21808 --- [siec-accounting] [http-nio-9093-exec-1] o.s.web.servlet.DispatcherServlet        : Completed 200 OK
2026-09-30T10:39:52.184+05:30 DEBUG 21808 --- [siec-accounting] [http-nio-9093-exec-2] o.s.web.servlet.DispatcherServlet        : GET "/api/clients/v1/get-client/CUS-001", parameters={}
2026-09-30T10:39:52.188+05:30 DEBUG 21808 --- [siec-accounting] [http-nio-9093-exec-2] s.w.s.m.m.a.RequestMappingHandlerMapping : Mapped to com.siec_acc.controller.ClientController#getClient(String)
2026-09-30T10:39:52.191+05:30  INFO 21808 --- [siec-accounting] [http-nio-9093-exec-2] c.siec_acc.controller.ClientController   : API HIT: GET /get-client/CUS-001
2026-09-30T10:39:52.193+05:30  INFO 21808 --- [siec-accounting] [http-nio-9093-exec-2] c.s.s.serviceImpl.ClientServiceImpl      : Fetching customer: CUS-001
2026-09-30T10:39:53.283+05:30 DEBUG 21808 --- [siec-accounting] [http-nio-9093-exec-2] o.s.w.s.m.m.a.HttpEntityMethodProcessor  : Using 'application/json', given [*/*] and supported [application/json, application/*+json]
2026-09-30T10:39:53.285+05:30 DEBUG 21808 --- [siec-accounting] [http-nio-9093-exec-2] o.s.w.s.m.m.a.HttpEntityMethodProcessor  : Writing [com.siec_acc.exceptions.ApiResponse@263892d3]
2026-09-30T10:39:53.298+05:30 DEBUG 21808 --- [siec-accounting] [http-nio-9093-exec-2] o.s.web.servlet.DispatcherServlet        : Completed 200 OK
2026-09-30T10:54:30.601+05:30 DEBUG 21808 --- [siec-accounting] [http-nio-9093-exec-4] o.s.web.servlet.DispatcherServlet        : GET "/api/clients/v1/get-client/CUS-001", parameters={}
2026-09-30T10:54:30.602+05:30 DEBUG 21808 --- [siec-accounting] [http-nio-9093-exec-4] s.w.s.m.m.a.RequestMappingHandlerMapping : Mapped to com.siec_acc.controller.ClientController#getClient(String)
2026-09-30T10:54:30.604+05:30  INFO 21808 --- [siec-accounting] [http-nio-9093-exec-4] c.siec_acc.controller.ClientController   : API HIT: GET /get-client/CUS-001
2026-09-30T10:54:30.605+05:30  INFO 21808 --- [siec-accounting] [http-nio-9093-exec-4] c.s.s.serviceImpl.ClientServiceImpl      : Fetching customer: CUS-001
2026-09-30T10:54:30.616+05:30 DEBUG 21808 --- [siec-accounting] [http-nio-9093-exec-4] o.s.w.s.m.m.a.HttpEntityMethodProcessor  : Using 'application/json', given [*/*] and supported [application/json, application/*+json]
2026-09-30T10:54:30.616+05:30 DEBUG 21808 --- [siec-accounting] [http-nio-9093-exec-4] o.s.w.s.m.m.a.HttpEntityMethodProcessor  : Writing [com.siec_acc.exceptions.ApiResponse@3093961]
2026-09-30T10:54:30.622+05:30 DEBUG 21808 --- [siec-accounting] [http-nio-9093-exec-4] o.s.web.servlet.DispatcherServlet        : Completed 200 OK
2026-09-30T10:54:43.096+05:30 DEBUG 21808 --- [siec-accounting] [http-nio-9093-exec-5] o.s.web.servlet.DispatcherServlet        : GET "/api/clients/v1/get-client/CUS-001", parameters={}
2026-09-30T10:54:43.097+05:30 DEBUG 21808 --- [siec-accounting] [http-nio-9093-exec-5] s.w.s.m.m.a.RequestMappingHandlerMapping : Mapped to com.siec_acc.controller.ClientController#getClient(String)
2026-09-30T10:54:43.097+05:30  INFO 21808 --- [siec-accounting] [http-nio-9093-exec-5] c.siec_acc.controller.ClientController   : API HIT: GET /get-client/CUS-001
2026-09-30T10:54:43.097+05:30  INFO 21808 --- [siec-accounting] [http-nio-9093-exec-5] c.s.s.serviceImpl.ClientServiceImpl      : Fetching customer: CUS-001
2026-09-30T10:54:43.102+05:30 DEBUG 21808 --- [siec-accounting] [http-nio-9093-exec-5] o.s.w.s.m.m.a.HttpEntityMethodProcessor  : Using 'application/json', given [*/*] and supported [application/json, application/*+json]
2026-09-30T10:54:43.102+05:30 DEBUG 21808 --- [siec-accounting] [http-nio-9093-exec-5] o.s.w.s.m.m.a.HttpEntityMethodProcessor  : Writing [com.siec_acc.exceptions.ApiResponse@589ff248]
2026-09-30T10:54:43.105+05:30 DEBUG 21808 --- [siec-accounting] [http-nio-9093-exec-5] o.s.web.servlet.DispatcherServlet        : Completed 200 OK
2026-09-30T11:14:52.443+05:30  WARN 21808 --- [siec-accounting] [HikariPool-1:housekeeper] com.zaxxer.hikari.pool.HikariPool        : HikariPool-1 - Thread starvation or clock leap detected (housekeeper delta=1m51s764ms511µs500ns).
2026-09-30T11:19:52.648+05:30 DEBUG 21808 --- [siec-accounting] [http-nio-9093-exec-7] o.s.web.servlet.DispatcherServlet        : GET "/api/clients/v1/get-all-clients?status=all&gst=all&type=all&page=1&size=10", parameters={masked}
2026-09-30T11:19:52.649+05:30 DEBUG 21808 --- [siec-accounting] [http-nio-9093-exec-7] s.w.s.m.m.a.RequestMappingHandlerMapping : Mapped to com.siec_acc.controller.ClientController#getAllClients(String, String, String, String, Integer, Integer)
2026-09-30T11:19:52.662+05:30  INFO 21808 --- [siec-accounting] [http-nio-9093-exec-7] c.siec_acc.controller.ClientController   : API HIT: GET /get-all-clients | status=all gst=all type=all search= page=1 size=10
2026-09-30T11:19:52.663+05:30  INFO 21808 --- [siec-accounting] [http-nio-9093-exec-7] c.s.s.serviceImpl.ClientServiceImpl      : Fetching customers | status=all gst=all type=all search= page=1 size=10
2026-09-30T11:19:52.701+05:30 DEBUG 21808 --- [siec-accounting] [http-nio-9093-exec-7] o.s.w.s.m.m.a.HttpEntityMethodProcessor  : Using 'application/json', given [*/*] and supported [application/json, application/*+json]
2026-09-30T11:19:52.702+05:30 DEBUG 21808 --- [siec-accounting] [http-nio-9093-exec-7] o.s.w.s.m.m.a.HttpEntityMethodProcessor  : Writing [com.siec_acc.exceptions.ApiResponse@7cf0cc9f]
2026-09-30T11:19:52.708+05:30 DEBUG 21808 --- [siec-accounting] [http-nio-9093-exec-7] o.s.web.servlet.DispatcherServlet        : Completed 200 OK
2026-09-30T11:20:23.922+05:30 DEBUG 21808 --- [siec-accounting] [http-nio-9093-exec-8] o.s.web.servlet.DispatcherServlet        : GET "/api/clients/v1/get-all-clients?status=all&gst=all&type=all&page=1&size=10", parameters={masked}
2026-09-30T11:20:23.922+05:30 DEBUG 21808 --- [siec-accounting] [http-nio-9093-exec-8] s.w.s.m.m.a.RequestMappingHandlerMapping : Mapped to com.siec_acc.controller.ClientController#getAllClients(String, String, String, String, Integer, Integer)
2026-09-30T11:20:23.923+05:30  INFO 21808 --- [siec-accounting] [http-nio-9093-exec-8] c.siec_acc.controller.ClientController   : API HIT: GET /get-all-clients | status=all gst=all type=all search= page=1 size=10
2026-09-30T11:20:23.924+05:30  INFO 21808 --- [siec-accounting] [http-nio-9093-exec-8] c.s.s.serviceImpl.ClientServiceImpl      : Fetching customers | status=all gst=all type=all search= page=1 size=10
2026-09-30T11:20:23.941+05:30 DEBUG 21808 --- [siec-accounting] [http-nio-9093-exec-8] o.s.w.s.m.m.a.HttpEntityMethodProcessor  : Using 'application/json', given [*/*] and supported [application/json, application/*+json]
2026-09-30T11:20:23.941+05:30 DEBUG 21808 --- [siec-accounting] [http-nio-9093-exec-8] o.s.w.s.m.m.a.HttpEntityMethodProcessor  : Writing [com.siec_acc.exceptions.ApiResponse@6ad8db6c]
2026-09-30T11:20:23.943+05:30 DEBUG 21808 --- [siec-accounting] [http-nio-9093-exec-8] o.s.web.servlet.DispatcherServlet        : Completed 200 OK
2026-09-30T11:20:33.165+05:30 DEBUG 21808 --- [siec-accounting] [http-nio-9093-exec-9] o.s.web.servlet.DispatcherServlet        : GET "/api/clients/v1/get-client/CUS-001", parameters={}
2026-09-30T11:20:33.166+05:30 DEBUG 21808 --- [siec-accounting] [http-nio-9093-exec-9] s.w.s.m.m.a.RequestMappingHandlerMapping : Mapped to com.siec_acc.controller.ClientController#getClient(String)
2026-09-30T11:20:33.166+05:30  INFO 21808 --- [siec-accounting] [http-nio-9093-exec-9] c.siec_acc.controller.ClientController   : API HIT: GET /get-client/CUS-001
2026-09-30T11:20:33.166+05:30  INFO 21808 --- [siec-accounting] [http-nio-9093-exec-9] c.s.s.serviceImpl.ClientServiceImpl      : Fetching customer: CUS-001
2026-09-30T11:20:33.170+05:30 DEBUG 21808 --- [siec-accounting] [http-nio-9093-exec-9] o.s.w.s.m.m.a.HttpEntityMethodProcessor  : Using 'application/json', given [*/*] and supported [application/json, application/*+json]
2026-09-30T11:20:33.171+05:30 DEBUG 21808 --- [siec-accounting] [http-nio-9093-exec-9] o.s.w.s.m.m.a.HttpEntityMethodProcessor  : Writing [com.siec_acc.exceptions.ApiResponse@76453ecb]
2026-09-30T11:20:33.173+05:30 DEBUG 21808 --- [siec-accounting] [http-nio-9093-exec-9] o.s.web.servlet.DispatcherServlet        : Completed 200 OK
2026-09-30T11:20:44.884+05:30 DEBUG 21808 --- [siec-accounting] [http-nio-9093-exec-10] o.s.web.servlet.DispatcherServlet        : GET "/api/clients/v1/get-client/CUS-001", parameters={}
2026-09-30T11:20:44.886+05:30 DEBUG 21808 --- [siec-accounting] [http-nio-9093-exec-10] s.w.s.m.m.a.RequestMappingHandlerMapping : Mapped to com.siec_acc.controller.ClientController#getClient(String)
2026-09-30T11:20:44.887+05:30  INFO 21808 --- [siec-accounting] [http-nio-9093-exec-10] c.siec_acc.controller.ClientController   : API HIT: GET /get-client/CUS-001
2026-09-30T11:20:44.887+05:30  INFO 21808 --- [siec-accounting] [http-nio-9093-exec-10] c.s.s.serviceImpl.ClientServiceImpl      : Fetching customer: CUS-001
2026-09-30T11:20:44.895+05:30 DEBUG 21808 --- [siec-accounting] [http-nio-9093-exec-10] o.s.w.s.m.m.a.HttpEntityMethodProcessor  : Using 'application/json', given [*/*] and supported [application/json, application/*+json]
2026-09-30T11:20:44.895+05:30 DEBUG 21808 --- [siec-accounting] [http-nio-9093-exec-10] o.s.w.s.m.m.a.HttpEntityMethodProcessor  : Writing [com.siec_acc.exceptions.ApiResponse@495e30b1]
2026-09-30T11:20:44.898+05:30 DEBUG 21808 --- [siec-accounting] [http-nio-9093-exec-10] o.s.web.servlet.DispatcherServlet        : Completed 200 OK
2026-09-30T11:20:52.160+05:30 DEBUG 21808 --- [siec-accounting] [http-nio-9093-exec-1] o.s.web.servlet.DispatcherServlet        : GET "/api/clients/v1/get-client/CUS-001", parameters={}
2026-09-30T11:20:52.162+05:30 DEBUG 21808 --- [siec-accounting] [http-nio-9093-exec-1] s.w.s.m.m.a.RequestMappingHandlerMapping : Mapped to com.siec_acc.controller.ClientController#getClient(String)
2026-09-30T11:20:52.163+05:30  INFO 21808 --- [siec-accounting] [http-nio-9093-exec-1] c.siec_acc.controller.ClientController   : API HIT: GET /get-client/CUS-001
2026-09-30T11:20:52.163+05:30  INFO 21808 --- [siec-accounting] [http-nio-9093-exec-1] c.s.s.serviceImpl.ClientServiceImpl      : Fetching customer: CUS-001
2026-09-30T11:20:52.171+05:30 DEBUG 21808 --- [siec-accounting] [http-nio-9093-exec-1] o.s.w.s.m.m.a.HttpEntityMethodProcessor  : Using 'application/json', given [*/*] and supported [application/json, application/*+json]
2026-09-30T11:20:52.172+05:30 DEBUG 21808 --- [siec-accounting] [http-nio-9093-exec-1] o.s.w.s.m.m.a.HttpEntityMethodProcessor  : Writing [com.siec_acc.exceptions.ApiResponse@364f40ae]
2026-09-30T11:20:52.174+05:30 DEBUG 21808 --- [siec-accounting] [http-nio-9093-exec-1] o.s.web.servlet.DispatcherServlet        : Completed 200 OK
2026-09-30T11:21:05.272+05:30 DEBUG 21808 --- [siec-accounting] [http-nio-9093-exec-3] o.s.web.servlet.DispatcherServlet        : PUT "/api/clients/v1/update-client/CUS-001", parameters={}
2026-09-30T11:21:05.273+05:30 DEBUG 21808 --- [siec-accounting] [http-nio-9093-exec-3] s.w.s.m.m.a.RequestMappingHandlerMapping : Mapped to com.siec_acc.controller.ClientController#updateClient(String, ClientRequestDto)
2026-09-30T11:21:05.399+05:30 DEBUG 21808 --- [siec-accounting] [http-nio-9093-exec-3] m.m.a.RequestResponseBodyMethodProcessor : Read "application/json;charset=UTF-8" to [com.siec_acc.dto.request.ClientRequestDto@53eceb20]
2026-09-30T11:21:05.402+05:30  INFO 21808 --- [siec-accounting] [http-nio-9093-exec-3] c.siec_acc.controller.ClientController   : API HIT: PUT /update-client/CUS-001
2026-09-30T11:21:05.405+05:30  INFO 21808 --- [siec-accounting] [http-nio-9093-exec-3] c.s.s.serviceImpl.ClientServiceImpl      : Updating customer: CUS-001
2026-09-30T11:21:05.433+05:30  INFO 21808 --- [siec-accounting] [http-nio-9093-exec-3] c.s.s.serviceImpl.ClientServiceImpl      : Customer updated successfully: CUS-001
2026-09-30T11:21:05.513+05:30 DEBUG 21808 --- [siec-accounting] [http-nio-9093-exec-3] o.s.w.s.m.m.a.HttpEntityMethodProcessor  : Using 'application/json', given [*/*] and supported [application/json, application/*+json]
2026-09-30T11:21:05.514+05:30 DEBUG 21808 --- [siec-accounting] [http-nio-9093-exec-3] o.s.w.s.m.m.a.HttpEntityMethodProcessor  : Writing [com.siec_acc.exceptions.ApiResponse@20d15ce7]
2026-09-30T11:21:05.517+05:30 DEBUG 21808 --- [siec-accounting] [http-nio-9093-exec-3] o.s.web.servlet.DispatcherServlet        : Completed 200 OK
2026-09-30T11:21:05.520+05:30 DEBUG 21808 --- [siec-accounting] [http-nio-9093-exec-4] o.s.web.servlet.DispatcherServlet        : GET "/api/clients/v1/get-all-clients?status=all&gst=all&type=all&page=1&size=10", parameters={masked}
2026-09-30T11:21:05.521+05:30 DEBUG 21808 --- [siec-accounting] [http-nio-9093-exec-4] s.w.s.m.m.a.RequestMappingHandlerMapping : Mapped to com.siec_acc.controller.ClientController#getAllClients(String, String, String, String, Integer, Integer)
2026-09-30T11:21:05.523+05:30  INFO 21808 --- [siec-accounting] [http-nio-9093-exec-4] c.siec_acc.controller.ClientController   : API HIT: GET /get-all-clients | status=all gst=all type=all search= page=1 size=10
2026-09-30T11:21:05.526+05:30  INFO 21808 --- [siec-accounting] [http-nio-9093-exec-4] c.s.s.serviceImpl.ClientServiceImpl      : Fetching customers | status=all gst=all type=all search= page=1 size=10
2026-09-30T11:21:05.545+05:30 DEBUG 21808 --- [siec-accounting] [http-nio-9093-exec-4] o.s.w.s.m.m.a.HttpEntityMethodProcessor  : Using 'application/json', given [*/*] and supported [application/json, application/*+json]
2026-09-30T11:21:05.545+05:30 DEBUG 21808 --- [siec-accounting] [http-nio-9093-exec-4] o.s.w.s.m.m.a.HttpEntityMethodProcessor  : Writing [com.siec_acc.exceptions.ApiResponse@7e8d5f80]
2026-09-30T11:21:05.546+05:30 DEBUG 21808 --- [siec-accounting] [http-nio-9093-exec-4] o.s.web.servlet.DispatcherServlet        : Completed 200 OK
2026-09-30T11:21:08.344+05:30 DEBUG 21808 --- [siec-accounting] [http-nio-9093-exec-5] o.s.web.servlet.DispatcherServlet        : GET "/api/clients/v1/get-client/CUS-002", parameters={}
2026-09-30T11:21:08.345+05:30 DEBUG 21808 --- [siec-accounting] [http-nio-9093-exec-5] s.w.s.m.m.a.RequestMappingHandlerMapping : Mapped to com.siec_acc.controller.ClientController#getClient(String)
2026-09-30T11:21:08.346+05:30  INFO 21808 --- [siec-accounting] [http-nio-9093-exec-5] c.siec_acc.controller.ClientController   : API HIT: GET /get-client/CUS-002
2026-09-30T11:21:08.346+05:30  INFO 21808 --- [siec-accounting] [http-nio-9093-exec-5] c.s.s.serviceImpl.ClientServiceImpl      : Fetching customer: CUS-002
2026-09-30T11:21:08.350+05:30 DEBUG 21808 --- [siec-accounting] [http-nio-9093-exec-5] o.s.w.s.m.m.a.HttpEntityMethodProcessor  : Using 'application/json', given [*/*] and supported [application/json, application/*+json]
2026-09-30T11:21:08.350+05:30 DEBUG 21808 --- [siec-accounting] [http-nio-9093-exec-5] o.s.w.s.m.m.a.HttpEntityMethodProcessor  : Writing [com.siec_acc.exceptions.ApiResponse@b60a2bc]
2026-09-30T11:21:08.352+05:30 DEBUG 21808 --- [siec-accounting] [http-nio-9093-exec-5] o.s.web.servlet.DispatcherServlet        : Completed 200 OK
2026-09-30T11:21:14.565+05:30 DEBUG 21808 --- [siec-accounting] [http-nio-9093-exec-6] o.s.web.servlet.DispatcherServlet        : GET "/api/clients/v1/get-client/CUS-001", parameters={}
2026-09-30T11:21:14.566+05:30 DEBUG 21808 --- [siec-accounting] [http-nio-9093-exec-6] s.w.s.m.m.a.RequestMappingHandlerMapping : Mapped to com.siec_acc.controller.ClientController#getClient(String)
2026-09-30T11:21:14.567+05:30  INFO 21808 --- [siec-accounting] [http-nio-9093-exec-6] c.siec_acc.controller.ClientController   : API HIT: GET /get-client/CUS-001
2026-09-30T11:21:14.568+05:30  INFO 21808 --- [siec-accounting] [http-nio-9093-exec-6] c.s.s.serviceImpl.ClientServiceImpl      : Fetching customer: CUS-001
2026-09-30T11:21:14.573+05:30 DEBUG 21808 --- [siec-accounting] [http-nio-9093-exec-6] o.s.w.s.m.m.a.HttpEntityMethodProcessor  : Using 'application/json', given [*/*] and supported [application/json, application/*+json]
2026-09-30T11:21:14.574+05:30 DEBUG 21808 --- [siec-accounting] [http-nio-9093-exec-6] o.s.w.s.m.m.a.HttpEntityMethodProcessor  : Writing [com.siec_acc.exceptions.ApiResponse@2ca4ddb4]
2026-09-30T11:21:14.575+05:30 DEBUG 21808 --- [siec-accounting] [http-nio-9093-exec-6] o.s.web.servlet.DispatcherServlet        : Completed 200 OK
2026-09-30T11:21:24.852+05:30 DEBUG 21808 --- [siec-accounting] [http-nio-9093-exec-7] o.s.web.servlet.DispatcherServlet        : GET "/api/clients/v1/get-client/CUS-001", parameters={}
2026-09-30T11:21:24.853+05:30 DEBUG 21808 --- [siec-accounting] [http-nio-9093-exec-7] s.w.s.m.m.a.RequestMappingHandlerMapping : Mapped to com.siec_acc.controller.ClientController#getClient(String)
2026-09-30T11:21:24.854+05:30  INFO 21808 --- [siec-accounting] [http-nio-9093-exec-7] c.siec_acc.controller.ClientController   : API HIT: GET /get-client/CUS-001
2026-09-30T11:21:24.854+05:30  INFO 21808 --- [siec-accounting] [http-nio-9093-exec-7] c.s.s.serviceImpl.ClientServiceImpl      : Fetching customer: CUS-001
2026-09-30T11:21:24.858+05:30 DEBUG 21808 --- [siec-accounting] [http-nio-9093-exec-7] o.s.w.s.m.m.a.HttpEntityMethodProcessor  : Using 'application/json', given [*/*] and supported [application/json, application/*+json]
2026-09-30T11:21:24.858+05:30 DEBUG 21808 --- [siec-accounting] [http-nio-9093-exec-7] o.s.w.s.m.m.a.HttpEntityMethodProcessor  : Writing [com.siec_acc.exceptions.ApiResponse@39d5cbb6]
2026-09-30T11:21:24.860+05:30 DEBUG 21808 --- [siec-accounting] [http-nio-9093-exec-7] o.s.web.servlet.DispatcherServlet        : Completed 200 OK
2026-09-30T11:21:33.116+05:30 DEBUG 21808 --- [siec-accounting] [http-nio-9093-exec-8] o.s.web.servlet.DispatcherServlet        : PUT "/api/clients/v1/update-client/CUS-001", parameters={}
2026-09-30T11:21:33.117+05:30 DEBUG 21808 --- [siec-accounting] [http-nio-9093-exec-8] s.w.s.m.m.a.RequestMappingHandlerMapping : Mapped to com.siec_acc.controller.ClientController#updateClient(String, ClientRequestDto)
2026-09-30T11:21:33.118+05:30 DEBUG 21808 --- [siec-accounting] [http-nio-9093-exec-8] m.m.a.RequestResponseBodyMethodProcessor : Read "application/json;charset=UTF-8" to [com.siec_acc.dto.request.ClientRequestDto@56e80378]
2026-09-30T11:21:33.118+05:30  INFO 21808 --- [siec-accounting] [http-nio-9093-exec-8] c.siec_acc.controller.ClientController   : API HIT: PUT /update-client/CUS-001
2026-09-30T11:21:33.120+05:30  INFO 21808 --- [siec-accounting] [http-nio-9093-exec-8] c.s.s.serviceImpl.ClientServiceImpl      : Updating customer: CUS-001
2026-09-30T11:21:33.123+05:30  INFO 21808 --- [siec-accounting] [http-nio-9093-exec-8] c.s.s.serviceImpl.ClientServiceImpl      : Customer updated successfully: CUS-001
2026-09-30T11:21:33.136+05:30 DEBUG 21808 --- [siec-accounting] [http-nio-9093-exec-8] o.s.w.s.m.m.a.HttpEntityMethodProcessor  : Using 'application/json', given [*/*] and supported [application/json, application/*+json]
2026-09-30T11:21:33.137+05:30 DEBUG 21808 --- [siec-accounting] [http-nio-9093-exec-8] o.s.w.s.m.m.a.HttpEntityMethodProcessor  : Writing [com.siec_acc.exceptions.ApiResponse@766e064f]
2026-09-30T11:21:33.138+05:30 DEBUG 21808 --- [siec-accounting] [http-nio-9093-exec-8] o.s.web.servlet.DispatcherServlet        : Completed 200 OK
2026-09-30T11:21:33.142+05:30 DEBUG 21808 --- [siec-accounting] [http-nio-9093-exec-9] o.s.web.servlet.DispatcherServlet        : GET "/api/clients/v1/get-all-clients?status=all&gst=all&type=all&page=1&size=10", parameters={masked}
2026-09-30T11:21:33.142+05:30 DEBUG 21808 --- [siec-accounting] [http-nio-9093-exec-9] s.w.s.m.m.a.RequestMappingHandlerMapping : Mapped to com.siec_acc.controller.ClientController#getAllClients(String, String, String, String, Integer, Integer)
2026-09-30T11:21:33.144+05:30  INFO 21808 --- [siec-accounting] [http-nio-9093-exec-9] c.siec_acc.controller.ClientController   : API HIT: GET /get-all-clients | status=all gst=all type=all search= page=1 size=10
2026-09-30T11:21:33.144+05:30  INFO 21808 --- [siec-accounting] [http-nio-9093-exec-9] c.s.s.serviceImpl.ClientServiceImpl      : Fetching customers | status=all gst=all type=all search= page=1 size=10
2026-09-30T11:21:33.161+05:30 DEBUG 21808 --- [siec-accounting] [http-nio-9093-exec-9] o.s.w.s.m.m.a.HttpEntityMethodProcessor  : Using 'application/json', given [*/*] and supported [application/json, application/*+json]
2026-09-30T11:21:33.161+05:30 DEBUG 21808 --- [siec-accounting] [http-nio-9093-exec-9] o.s.w.s.m.m.a.HttpEntityMethodProcessor  : Writing [com.siec_acc.exceptions.ApiResponse@72013795]
2026-09-30T11:21:33.162+05:30 DEBUG 21808 --- [siec-accounting] [http-nio-9093-exec-9] o.s.web.servlet.DispatcherServlet        : Completed 200 OK
2026-09-30T11:24:41.724+05:30 DEBUG 21808 --- [siec-accounting] [http-nio-9093-exec-1] o.s.web.servlet.DispatcherServlet        : GET "/api/clients/v1/get-all-clients?status=all&gst=all&type=all&page=1&size=25", parameters={masked}
2026-09-30T11:24:41.724+05:30 DEBUG 21808 --- [siec-accounting] [http-nio-9093-exec-1] s.w.s.m.m.a.RequestMappingHandlerMapping : Mapped to com.siec_acc.controller.ClientController#getAllClients(String, String, String, String, Integer, Integer)
2026-09-30T11:24:41.726+05:30  INFO 21808 --- [siec-accounting] [http-nio-9093-exec-1] c.siec_acc.controller.ClientController   : API HIT: GET /get-all-clients | status=all gst=all type=all search= page=1 size=25
2026-09-30T11:24:41.727+05:30  INFO 21808 --- [siec-accounting] [http-nio-9093-exec-1] c.s.s.serviceImpl.ClientServiceImpl      : Fetching customers | status=all gst=all type=all search= page=1 size=25
2026-09-30T11:24:41.759+05:30 DEBUG 21808 --- [siec-accounting] [http-nio-9093-exec-1] o.s.w.s.m.m.a.HttpEntityMethodProcessor  : Using 'application/json', given [*/*] and supported [application/json, application/*+json]
2026-09-30T11:24:41.760+05:30 DEBUG 21808 --- [siec-accounting] [http-nio-9093-exec-1] o.s.w.s.m.m.a.HttpEntityMethodProcessor  : Writing [com.siec_acc.exceptions.ApiResponse@7848cc6]
2026-09-30T11:24:41.764+05:30 DEBUG 21808 --- [siec-accounting] [http-nio-9093-exec-1] o.s.web.servlet.DispatcherServlet        : Completed 200 OK
2026-09-30T11:24:44.982+05:30 DEBUG 21808 --- [siec-accounting] [http-nio-9093-exec-2] o.s.web.servlet.DispatcherServlet        : GET "/api/clients/v1/get-all-clients?status=all&gst=all&type=all&page=1&size=10", parameters={masked}
2026-09-30T11:24:44.983+05:30 DEBUG 21808 --- [siec-accounting] [http-nio-9093-exec-2] s.w.s.m.m.a.RequestMappingHandlerMapping : Mapped to com.siec_acc.controller.ClientController#getAllClients(String, String, String, String, Integer, Integer)
2026-09-30T11:24:44.985+05:30  INFO 21808 --- [siec-accounting] [http-nio-9093-exec-2] c.siec_acc.controller.ClientController   : API HIT: GET /get-all-clients | status=all gst=all type=all search= page=1 size=10
2026-09-30T11:24:44.986+05:30  INFO 21808 --- [siec-accounting] [http-nio-9093-exec-2] c.s.s.serviceImpl.ClientServiceImpl      : Fetching customers | status=all gst=all type=all search= page=1 size=10
2026-09-30T11:24:45.024+05:30 DEBUG 21808 --- [siec-accounting] [http-nio-9093-exec-2] o.s.w.s.m.m.a.HttpEntityMethodProcessor  : Using 'application/json', given [*/*] and supported [application/json, application/*+json]
2026-09-30T11:24:45.024+05:30 DEBUG 21808 --- [siec-accounting] [http-nio-9093-exec-2] o.s.w.s.m.m.a.HttpEntityMethodProcessor  : Writing [com.siec_acc.exceptions.ApiResponse@6aeba28d]
2026-09-30T11:24:45.028+05:30 DEBUG 21808 --- [siec-accounting] [http-nio-9093-exec-2] o.s.web.servlet.DispatcherServlet        : Completed 200 OK
2026-09-30T11:37:12.514+05:30  INFO 21808 --- [siec-accounting] [SpringApplicationShutdownHook] o.s.boot.tomcat.GracefulShutdown         : Commencing graceful shutdown. Waiting for active requests to complete
2026-09-30T11:37:12.522+05:30  INFO 21808 --- [siec-accounting] [tomcat-shutdown] o.s.boot.tomcat.GracefulShutdown         : Graceful shutdown complete
2026-09-30T11:37:12.531+05:30  INFO 21808 --- [siec-accounting] [SpringApplicationShutdownHook] j.LocalContainerEntityManagerFactoryBean : Closing JPA EntityManagerFactory for persistence unit 'default'
2026-09-30T11:37:12.538+05:30  INFO 21808 --- [siec-accounting] [SpringApplicationShutdownHook] com.zaxxer.hikari.HikariDataSource       : HikariPool-1 - Shutdown initiated...
2026-09-30T11:37:12.544+05:30  INFO 21808 --- [siec-accounting] [SpringApplicationShutdownHook] com.zaxxer.hikari.HikariDataSource       : HikariPool-1 - Shutdown completed.
2026-09-30T11:46:08.084+05:30  INFO 23984 --- [siec-accounting] [restartedMain] com.siec_acc.SiecAccountingApplication   : Starting SiecAccountingApplication using Java 21.0.7 with PID 23984 (C:\Users\sarvadnya\OneDrive\Desktop\SIEC-Project\siec_acc_admin_backend_v1_0\target\classes started by sarvadnya in C:\Users\sarvadnya\OneDrive\Desktop\SIEC-Project\siec_acc_admin_backend_v1_0)
2026-09-30T11:46:08.088+05:30  INFO 23984 --- [siec-accounting] [restartedMain] com.siec_acc.SiecAccountingApplication   : No active profile set, falling back to 1 default profile: "default"
2026-09-30T11:46:08.160+05:30  INFO 23984 --- [siec-accounting] [restartedMain] o.s.b.devtools.restart.ChangeableUrls    : The Class-Path manifest attribute in C:\Users\sarvadnya\.m2\repository\io\github\cdimascio\java-dotenv\5.2.2\java-dotenv-5.2.2.jar referenced one or more files that do not exist: file:/C:/Users/sarvadnya/.m2/repository/io/github/cdimascio/java-dotenv/5.2.2/kotlin-stdlib-1.4.0.jar,file:/C:/Users/sarvadnya/.m2/repository/io/github/cdimascio/java-dotenv/5.2.2/kotlin-stdlib-common-1.4.0.jar,file:/C:/Users/sarvadnya/.m2/repository/io/github/cdimascio/java-dotenv/5.2.2/annotations-13.0.jar
2026-09-30T11:46:08.161+05:30  INFO 23984 --- [siec-accounting] [restartedMain] .e.DevToolsPropertyDefaultsPostProcessor : Devtools property defaults active! Set 'spring.devtools.add-properties' to 'false' to disable
2026-09-30T11:46:08.161+05:30  INFO 23984 --- [siec-accounting] [restartedMain] .e.DevToolsPropertyDefaultsPostProcessor : For additional web related logging consider setting the 'logging.level.web' property to 'DEBUG'
2026-09-30T11:46:09.206+05:30  INFO 23984 --- [siec-accounting] [restartedMain] .s.d.r.c.RepositoryConfigurationDelegate : Multiple Spring Data modules found, entering strict repository configuration mode
2026-09-30T11:46:09.207+05:30  INFO 23984 --- [siec-accounting] [restartedMain] .s.d.r.c.RepositoryConfigurationDelegate : Bootstrapping Spring Data JDBC repositories in DEFAULT mode.
2026-09-30T11:46:09.254+05:30  INFO 23984 --- [siec-accounting] [restartedMain] .RepositoryConfigurationExtensionSupport : Spring Data JDBC - Could not safely identify store assignment for repository candidate interface com.siec_acc.repository.AdminRepository; If you want this repository to be a JDBC repository, consider annotating your entities with one of these annotations: org.springframework.data.relational.core.mapping.Table.
2026-09-30T11:46:09.257+05:30  INFO 23984 --- [siec-accounting] [restartedMain] .RepositoryConfigurationExtensionSupport : Spring Data JDBC - Could not safely identify store assignment for repository candidate interface com.siec_acc.repository.ClientRepository; If you want this repository to be a JDBC repository, consider annotating your entities with one of these annotations: org.springframework.data.relational.core.mapping.Table.
2026-09-30T11:46:09.259+05:30  INFO 23984 --- [siec-accounting] [restartedMain] .RepositoryConfigurationExtensionSupport : Spring Data JDBC - Could not safely identify store assignment for repository candidate interface com.siec_acc.repository.InventoryHistoryRepository; If you want this repository to be a JDBC repository, consider annotating your entities with one of these annotations: org.springframework.data.relational.core.mapping.Table.
2026-09-30T11:46:09.262+05:30  INFO 23984 --- [siec-accounting] [restartedMain] .RepositoryConfigurationExtensionSupport : Spring Data JDBC - Could not safely identify store assignment for repository candidate interface com.siec_acc.repository.InventoryRepository; If you want this repository to be a JDBC repository, consider annotating your entities with one of these annotations: org.springframework.data.relational.core.mapping.Table.
2026-09-30T11:46:09.264+05:30  INFO 23984 --- [siec-accounting] [restartedMain] .RepositoryConfigurationExtensionSupport : Spring Data JDBC - Could not safely identify store assignment for repository candidate interface com.siec_acc.repository.ProductRepository; If you want this repository to be a JDBC repository, consider annotating your entities with one of these annotations: org.springframework.data.relational.core.mapping.Table.
2026-09-30T11:46:09.265+05:30  INFO 23984 --- [siec-accounting] [restartedMain] .RepositoryConfigurationExtensionSupport : Spring Data JDBC - Could not safely identify store assignment for repository candidate interface com.siec_acc.repository.VariantRepository; If you want this repository to be a JDBC repository, consider annotating your entities with one of these annotations: org.springframework.data.relational.core.mapping.Table.
2026-09-30T11:46:09.266+05:30  INFO 23984 --- [siec-accounting] [restartedMain] .s.d.r.c.RepositoryConfigurationDelegate : Finished Spring Data repository scanning in 51 ms. Found 0 JDBC repository interfaces.
2026-09-30T11:46:09.282+05:30  INFO 23984 --- [siec-accounting] [restartedMain] .s.d.r.c.RepositoryConfigurationDelegate : Multiple Spring Data modules found, entering strict repository configuration mode
2026-09-30T11:46:09.283+05:30  INFO 23984 --- [siec-accounting] [restartedMain] .s.d.r.c.RepositoryConfigurationDelegate : Bootstrapping Spring Data JPA repositories in DEFAULT mode.
2026-09-30T11:46:09.335+05:30  INFO 23984 --- [siec-accounting] [restartedMain] .s.d.r.c.RepositoryConfigurationDelegate : Finished Spring Data repository scanning in 47 ms. Found 6 JPA repository interfaces.
2026-09-30T11:46:10.165+05:30  INFO 23984 --- [siec-accounting] [restartedMain] o.s.boot.tomcat.TomcatWebServer          : Tomcat initialized with port 9093 (http)
2026-09-30T11:46:10.184+05:30  INFO 23984 --- [siec-accounting] [restartedMain] o.apache.catalina.core.StandardService   : Starting service [Tomcat]
2026-09-30T11:46:10.185+05:30  INFO 23984 --- [siec-accounting] [restartedMain] o.apache.catalina.core.StandardEngine    : Starting Servlet engine: [Apache Tomcat/11.0.24]
2026-09-30T11:46:10.243+05:30  INFO 23984 --- [siec-accounting] [restartedMain] b.w.c.s.WebApplicationContextInitializer : Root WebApplicationContext: initialization completed in 2081 ms
2026-09-30T11:46:10.459+05:30  INFO 23984 --- [siec-accounting] [restartedMain] org.hibernate.orm.jpa                    : HHH008540: Processing PersistenceUnitInfo [name: default]
2026-09-30T11:46:10.547+05:30  INFO 23984 --- [siec-accounting] [restartedMain] org.hibernate.orm.core                   : HHH000001: Hibernate ORM core version 7.4.5.Final
2026-09-30T11:46:11.109+05:30  INFO 23984 --- [siec-accounting] [restartedMain] o.s.o.j.p.SpringPersistenceUnitInfo      : No LoadTimeWeaver setup: ignoring JPA class transformer
2026-09-30T11:46:11.161+05:30  INFO 23984 --- [siec-accounting] [restartedMain] com.zaxxer.hikari.HikariDataSource       : HikariPool-1 - Starting...
2026-09-30T11:46:11.380+05:30  INFO 23984 --- [siec-accounting] [restartedMain] com.zaxxer.hikari.pool.HikariPool        : HikariPool-1 - Added connection com.mysql.cj.jdbc.ConnectionImpl@33cb3e1
2026-09-30T11:46:11.382+05:30  INFO 23984 --- [siec-accounting] [restartedMain] com.zaxxer.hikari.HikariDataSource       : HikariPool-1 - Start completed.
2026-09-30T11:46:11.495+05:30  INFO 23984 --- [siec-accounting] [restartedMain] org.hibernate.orm.connections.pooling    : HHH10001005: Database info:
	Database JDBC URL [jdbc:mysql://localhost:3306/siec_acc_db?useSSL=false&serverTimezone=UTC&allowPublicKeyRetrieval=true&allowPublicKeyRetrieval=true]
	Database driver: MySQL Connector/J
	Database dialect: MySQLDialect
	Database version: 8.0.44
	Default catalog/schema: siec_acc_db/undefined
	Autocommit mode: undefined/unknown
	Isolation level: REPEATABLE_READ [default REPEATABLE_READ]
	JDBC fetch size: none
	Pool: DataSourceConnectionProvider
	Minimum pool size: undefined/unknown
	Maximum pool size: undefined/unknown
2026-09-30T11:46:13.348+05:30  INFO 23984 --- [siec-accounting] [restartedMain] org.hibernate.orm.core                   : HHH000489: No JTA platform available (set 'hibernate.transaction.jta.platform' to enable JTA platform integration)
2026-09-30T11:46:13.526+05:30  INFO 23984 --- [siec-accounting] [restartedMain] j.LocalContainerEntityManagerFactoryBean : Initialized JPA EntityManagerFactory for persistence unit 'default'
2026-09-30T11:46:13.630+05:30  INFO 23984 --- [siec-accounting] [restartedMain] o.s.d.j.r.query.QueryEnhancerFactories   : Hibernate is in classpath; If applicable, HQL parser will be used.
2026-09-30T11:46:14.186+05:30  INFO 23984 --- [siec-accounting] [restartedMain] com.siec_acc.security.SecurityConfig     : SecurityConfig bean initialized
2026-09-30T11:46:14.203+05:30  INFO 23984 --- [siec-accounting] [restartedMain] com.siec_acc.security.AuthController     : AuthController initialized
2026-09-30T11:46:14.289+05:30  WARN 23984 --- [siec-accounting] [restartedMain] JpaBaseConfiguration$JpaWebConfiguration : spring.jpa.open-in-view is enabled by default. Therefore, database queries may be performed during view rendering. Explicitly configure spring.jpa.open-in-view to disable this warning
2026-09-30T11:46:14.434+05:30  INFO 23984 --- [siec-accounting] [restartedMain] eAuthenticationProviderManagerConfigurer : Global AuthenticationManager configured with AuthenticationProvider bean with name authenticationProvider
2026-09-30T11:46:14.435+05:30  WARN 23984 --- [siec-accounting] [restartedMain] r$InitializeUserDetailsManagerConfigurer : Global AuthenticationManager configured with an AuthenticationProvider bean. UserDetailsService beans will not be used by Spring Security for automatically configuring username/password login. Consider removing the AuthenticationProvider bean. Alternatively, consider using the UserDetailsService in a manually instantiated DaoAuthenticationProvider. If the current configuration is intentional, to turn off this warning, increase the logging level of 'org.springframework.security.config.annotation.authentication.configuration.InitializeUserDetailsBeanManagerConfigurer' to ERROR
2026-09-30T11:46:14.591+05:30  INFO 23984 --- [siec-accounting] [restartedMain] com.siec_acc.security.SecurityConfig     : SecurityFilterChain configured successfully (OAuth2 removed)
2026-09-30T11:46:14.832+05:30 DEBUG 23984 --- [siec-accounting] [restartedMain] s.w.s.m.m.a.RequestMappingHandlerMapping : 34 mappings in 'requestMappingHandlerMapping'
2026-09-30T11:46:14.890+05:30 DEBUG 23984 --- [siec-accounting] [restartedMain] o.s.w.s.handler.SimpleUrlHandlerMapping  : Patterns [/webjars/**, /**] in 'resourceHandlerMapping'
2026-09-30T11:46:14.933+05:30 DEBUG 23984 --- [siec-accounting] [restartedMain] s.w.s.m.m.a.RequestMappingHandlerAdapter : ControllerAdvice beans: 0 @ModelAttribute, 0 @InitBinder, 2 RequestBodyAdvice, 1 ResponseBodyAdvice
2026-09-30T11:46:15.006+05:30 DEBUG 23984 --- [siec-accounting] [restartedMain] .m.m.a.ExceptionHandlerExceptionResolver : ControllerAdvice beans: 1 @ExceptionHandler, 1 ResponseBodyAdvice
2026-09-30T11:46:15.377+05:30  INFO 23984 --- [siec-accounting] [restartedMain] o.s.boot.tomcat.TomcatWebServer          : Tomcat started on port 9093 (http) with context path '/'
2026-09-30T11:46:15.385+05:30  INFO 23984 --- [siec-accounting] [restartedMain] com.siec_acc.SiecAccountingApplication   : Started SiecAccountingApplication in 8.028 seconds (process running for 8.859)
2026-09-30T11:46:36.371+05:30  INFO 23984 --- [siec-accounting] [http-nio-9093-exec-1] o.a.c.c.C.[Tomcat].[localhost].[/]       : Initializing Spring DispatcherServlet 'dispatcherServlet'
2026-09-30T11:46:36.374+05:30  INFO 23984 --- [siec-accounting] [http-nio-9093-exec-1] o.s.web.servlet.DispatcherServlet        : Initializing Servlet 'dispatcherServlet'
2026-09-30T11:46:36.375+05:30 DEBUG 23984 --- [siec-accounting] [http-nio-9093-exec-1] o.s.web.servlet.DispatcherServlet        : Detected StandardServletMultipartResolver
2026-09-30T11:46:36.375+05:30 DEBUG 23984 --- [siec-accounting] [http-nio-9093-exec-1] o.s.web.servlet.DispatcherServlet        : Detected AcceptHeaderLocaleResolver
2026-09-30T11:46:36.379+05:30 DEBUG 23984 --- [siec-accounting] [http-nio-9093-exec-1] o.s.web.servlet.DispatcherServlet        : Detected org.springframework.web.servlet.view.DefaultRequestToViewNameTranslator@6c2ba8d
2026-09-30T11:46:36.380+05:30 DEBUG 23984 --- [siec-accounting] [http-nio-9093-exec-1] o.s.web.servlet.DispatcherServlet        : Detected org.springframework.web.servlet.support.SessionFlashMapManager@5196680
2026-09-30T11:46:36.381+05:30 DEBUG 23984 --- [siec-accounting] [http-nio-9093-exec-1] o.s.web.servlet.DispatcherServlet        : enableLoggingRequestDetails='false': request parameters and headers will be masked to prevent unsafe logging of potentially sensitive data
2026-09-30T11:46:36.382+05:30  INFO 23984 --- [siec-accounting] [http-nio-9093-exec-1] o.s.web.servlet.DispatcherServlet        : Completed initialization in 8 ms
2026-09-30T11:46:36.518+05:30 DEBUG 23984 --- [siec-accounting] [http-nio-9093-exec-1] o.s.web.servlet.DispatcherServlet        : GET "/api/clients/v1/get-all-clients?status=all&gst=all&type=all&page=1&size=10", parameters={masked}
2026-09-30T11:46:36.543+05:30 DEBUG 23984 --- [siec-accounting] [http-nio-9093-exec-1] s.w.s.m.m.a.RequestMappingHandlerMapping : Mapped to com.siec_acc.controller.ClientController#getAllClients(String, String, String, String, Integer, Integer)
2026-09-30T11:46:36.622+05:30  INFO 23984 --- [siec-accounting] [http-nio-9093-exec-1] c.siec_acc.controller.ClientController   : API HIT: GET /get-all-clients | status=all gst=all type=all search= page=1 size=10
2026-09-30T11:46:36.623+05:30  INFO 23984 --- [siec-accounting] [http-nio-9093-exec-1] c.s.s.serviceImpl.ClientServiceImpl      : Fetching customers | status=all gst=all type=all search= page=1 size=10
2026-09-30T11:46:37.904+05:30 DEBUG 23984 --- [siec-accounting] [http-nio-9093-exec-1] o.s.w.s.m.m.a.HttpEntityMethodProcessor  : Using 'application/json', given [*/*] and supported [application/json, application/*+json]
2026-09-30T11:46:37.908+05:30 DEBUG 23984 --- [siec-accounting] [http-nio-9093-exec-1] o.s.w.s.m.m.a.HttpEntityMethodProcessor  : Writing [com.siec_acc.exceptions.ApiResponse@51a9e845]
2026-09-30T11:46:38.140+05:30 DEBUG 23984 --- [siec-accounting] [http-nio-9093-exec-1] o.s.web.servlet.DispatcherServlet        : Completed 200 OK
2026-09-30T11:46:47.858+05:30 DEBUG 23984 --- [siec-accounting] [http-nio-9093-exec-2] o.s.web.servlet.DispatcherServlet        : GET "/api/clients/v1/get-all-clients?status=all&gst=all&type=all&page=1&size=10", parameters={masked}
2026-09-30T11:46:47.860+05:30 DEBUG 23984 --- [siec-accounting] [http-nio-9093-exec-2] s.w.s.m.m.a.RequestMappingHandlerMapping : Mapped to com.siec_acc.controller.ClientController#getAllClients(String, String, String, String, Integer, Integer)
2026-09-30T11:46:47.864+05:30  INFO 23984 --- [siec-accounting] [http-nio-9093-exec-2] c.siec_acc.controller.ClientController   : API HIT: GET /get-all-clients | status=all gst=all type=all search= page=1 size=10
2026-09-30T11:46:47.866+05:30  INFO 23984 --- [siec-accounting] [http-nio-9093-exec-2] c.s.s.serviceImpl.ClientServiceImpl      : Fetching customers | status=all gst=all type=all search= page=1 size=10
2026-09-30T11:46:47.904+05:30 DEBUG 23984 --- [siec-accounting] [http-nio-9093-exec-2] o.s.w.s.m.m.a.HttpEntityMethodProcessor  : Using 'application/json', given [*/*] and supported [application/json, application/*+json]
2026-09-30T11:46:47.907+05:30 DEBUG 23984 --- [siec-accounting] [http-nio-9093-exec-2] o.s.w.s.m.m.a.HttpEntityMethodProcessor  : Writing [com.siec_acc.exceptions.ApiResponse@77bb9200]
2026-09-30T11:46:47.915+05:30 DEBUG 23984 --- [siec-accounting] [http-nio-9093-exec-2] o.s.web.servlet.DispatcherServlet        : Completed 200 OK
2026-09-30T11:47:48.309+05:30 DEBUG 23984 --- [siec-accounting] [http-nio-9093-exec-3] o.s.web.servlet.DispatcherServlet        : GET "/api/clients/v1/get-all-clients?status=all&gst=all&type=all&page=1&size=10", parameters={masked}
2026-09-30T11:47:48.311+05:30 DEBUG 23984 --- [siec-accounting] [http-nio-9093-exec-3] s.w.s.m.m.a.RequestMappingHandlerMapping : Mapped to com.siec_acc.controller.ClientController#getAllClients(String, String, String, String, Integer, Integer)
2026-09-30T11:47:48.315+05:30  INFO 23984 --- [siec-accounting] [http-nio-9093-exec-3] c.siec_acc.controller.ClientController   : API HIT: GET /get-all-clients | status=all gst=all type=all search= page=1 size=10
2026-09-30T11:47:48.315+05:30  INFO 23984 --- [siec-accounting] [http-nio-9093-exec-3] c.s.s.serviceImpl.ClientServiceImpl      : Fetching customers | status=all gst=all type=all search= page=1 size=10
2026-09-30T11:47:48.366+05:30 DEBUG 23984 --- [siec-accounting] [http-nio-9093-exec-3] o.s.w.s.m.m.a.HttpEntityMethodProcessor  : Using 'application/json', given [*/*] and supported [application/json, application/*+json]
2026-09-30T11:47:48.367+05:30 DEBUG 23984 --- [siec-accounting] [http-nio-9093-exec-3] o.s.w.s.m.m.a.HttpEntityMethodProcessor  : Writing [com.siec_acc.exceptions.ApiResponse@7e5ecde2]
2026-09-30T11:47:48.371+05:30 DEBUG 23984 --- [siec-accounting] [http-nio-9093-exec-3] o.s.web.servlet.DispatcherServlet        : Completed 200 OK
2026-09-30T11:47:49.166+05:30 DEBUG 23984 --- [siec-accounting] [http-nio-9093-exec-4] o.s.web.servlet.DispatcherServlet        : GET "/api/clients/v1/get-all-clients?status=all&gst=all&type=all&page=1&size=10", parameters={masked}
2026-09-30T11:47:49.166+05:30 DEBUG 23984 --- [siec-accounting] [http-nio-9093-exec-4] s.w.s.m.m.a.RequestMappingHandlerMapping : Mapped to com.siec_acc.controller.ClientController#getAllClients(String, String, String, String, Integer, Integer)
2026-09-30T11:47:49.171+05:30  INFO 23984 --- [siec-accounting] [http-nio-9093-exec-4] c.siec_acc.controller.ClientController   : API HIT: GET /get-all-clients | status=all gst=all type=all search= page=1 size=10
2026-09-30T11:47:49.172+05:30  INFO 23984 --- [siec-accounting] [http-nio-9093-exec-4] c.s.s.serviceImpl.ClientServiceImpl      : Fetching customers | status=all gst=all type=all search= page=1 size=10
2026-09-30T11:47:49.223+05:30 DEBUG 23984 --- [siec-accounting] [http-nio-9093-exec-4] o.s.w.s.m.m.a.HttpEntityMethodProcessor  : Using 'application/json', given [*/*] and supported [application/json, application/*+json]
2026-09-30T11:47:49.224+05:30 DEBUG 23984 --- [siec-accounting] [http-nio-9093-exec-4] o.s.w.s.m.m.a.HttpEntityMethodProcessor  : Writing [com.siec_acc.exceptions.ApiResponse@57abd971]
2026-09-30T11:47:49.231+05:30 DEBUG 23984 --- [siec-accounting] [http-nio-9093-exec-4] o.s.web.servlet.DispatcherServlet        : Completed 200 OK
2026-09-30T11:47:53.526+05:30 DEBUG 23984 --- [siec-accounting] [http-nio-9093-exec-6] o.s.web.servlet.DispatcherServlet        : GET "/api/clients/v1/get-all-clients?status=all&gst=all&type=all&page=1&size=10", parameters={masked}
2026-09-30T11:47:53.527+05:30 DEBUG 23984 --- [siec-accounting] [http-nio-9093-exec-6] s.w.s.m.m.a.RequestMappingHandlerMapping : Mapped to com.siec_acc.controller.ClientController#getAllClients(String, String, String, String, Integer, Integer)
2026-09-30T11:47:53.529+05:30  INFO 23984 --- [siec-accounting] [http-nio-9093-exec-6] c.siec_acc.controller.ClientController   : API HIT: GET /get-all-clients | status=all gst=all type=all search= page=1 size=10
2026-09-30T11:47:53.529+05:30  INFO 23984 --- [siec-accounting] [http-nio-9093-exec-6] c.s.s.serviceImpl.ClientServiceImpl      : Fetching customers | status=all gst=all type=all search= page=1 size=10
2026-09-30T11:47:53.564+05:30 DEBUG 23984 --- [siec-accounting] [http-nio-9093-exec-6] o.s.w.s.m.m.a.HttpEntityMethodProcessor  : Using 'application/json', given [*/*] and supported [application/json, application/*+json]
2026-09-30T11:47:53.565+05:30 DEBUG 23984 --- [siec-accounting] [http-nio-9093-exec-6] o.s.w.s.m.m.a.HttpEntityMethodProcessor  : Writing [com.siec_acc.exceptions.ApiResponse@7a9bbafc]
2026-09-30T11:47:53.570+05:30 DEBUG 23984 --- [siec-accounting] [http-nio-9093-exec-6] o.s.web.servlet.DispatcherServlet        : Completed 200 OK
2026-09-30T11:47:54.832+05:30 DEBUG 23984 --- [siec-accounting] [http-nio-9093-exec-5] o.s.web.servlet.DispatcherServlet        : GET "/api/clients/v1/get-all-clients?status=all&gst=all&type=all&page=1&size=10", parameters={masked}
2026-09-30T11:47:54.832+05:30 DEBUG 23984 --- [siec-accounting] [http-nio-9093-exec-5] s.w.s.m.m.a.RequestMappingHandlerMapping : Mapped to com.siec_acc.controller.ClientController#getAllClients(String, String, String, String, Integer, Integer)
2026-09-30T11:47:54.835+05:30  INFO 23984 --- [siec-accounting] [http-nio-9093-exec-5] c.siec_acc.controller.ClientController   : API HIT: GET /get-all-clients | status=all gst=all type=all search= page=1 size=10
2026-09-30T11:47:54.835+05:30  INFO 23984 --- [siec-accounting] [http-nio-9093-exec-5] c.s.s.serviceImpl.ClientServiceImpl      : Fetching customers | status=all gst=all type=all search= page=1 size=10
2026-09-30T11:47:54.868+05:30 DEBUG 23984 --- [siec-accounting] [http-nio-9093-exec-5] o.s.w.s.m.m.a.HttpEntityMethodProcessor  : Using 'application/json', given [*/*] and supported [application/json, application/*+json]
2026-09-30T11:47:54.869+05:30 DEBUG 23984 --- [siec-accounting] [http-nio-9093-exec-5] o.s.w.s.m.m.a.HttpEntityMethodProcessor  : Writing [com.siec_acc.exceptions.ApiResponse@1483565f]
2026-09-30T11:47:54.874+05:30 DEBUG 23984 --- [siec-accounting] [http-nio-9093-exec-5] o.s.web.servlet.DispatcherServlet        : Completed 200 OK
2026-09-30T11:49:47.729+05:30 DEBUG 23984 --- [siec-accounting] [http-nio-9093-exec-7] o.s.web.servlet.DispatcherServlet        : GET "/api/clients/v1/get-client/CUS-001", parameters={}
2026-09-30T11:49:47.731+05:30 DEBUG 23984 --- [siec-accounting] [http-nio-9093-exec-7] s.w.s.m.m.a.RequestMappingHandlerMapping : Mapped to com.siec_acc.controller.ClientController#getClient(String)
2026-09-30T11:49:47.735+05:30  INFO 23984 --- [siec-accounting] [http-nio-9093-exec-7] c.siec_acc.controller.ClientController   : API HIT: GET /get-client/CUS-001
2026-09-30T11:49:47.736+05:30  INFO 23984 --- [siec-accounting] [http-nio-9093-exec-7] c.s.s.serviceImpl.ClientServiceImpl      : Fetching customer: CUS-001
2026-09-30T11:49:48.684+05:30 DEBUG 23984 --- [siec-accounting] [http-nio-9093-exec-7] o.s.w.s.m.m.a.HttpEntityMethodProcessor  : Using 'application/json', given [*/*] and supported [application/json, application/*+json]
2026-09-30T11:49:48.686+05:30 DEBUG 23984 --- [siec-accounting] [http-nio-9093-exec-7] o.s.w.s.m.m.a.HttpEntityMethodProcessor  : Writing [com.siec_acc.exceptions.ApiResponse@683104fc]
2026-09-30T11:49:48.692+05:30 DEBUG 23984 --- [siec-accounting] [http-nio-9093-exec-7] o.s.web.servlet.DispatcherServlet        : Completed 200 OK
2026-09-30T11:49:49.848+05:30 DEBUG 23984 --- [siec-accounting] [http-nio-9093-exec-8] o.s.web.servlet.DispatcherServlet        : GET "/api/clients/v1/get-client/CUS-001", parameters={}
2026-09-30T11:49:49.849+05:30 DEBUG 23984 --- [siec-accounting] [http-nio-9093-exec-8] s.w.s.m.m.a.RequestMappingHandlerMapping : Mapped to com.siec_acc.controller.ClientController#getClient(String)
2026-09-30T11:49:49.851+05:30  INFO 23984 --- [siec-accounting] [http-nio-9093-exec-8] c.siec_acc.controller.ClientController   : API HIT: GET /get-client/CUS-001
2026-09-30T11:49:49.851+05:30  INFO 23984 --- [siec-accounting] [http-nio-9093-exec-8] c.s.s.serviceImpl.ClientServiceImpl      : Fetching customer: CUS-001
2026-09-30T11:49:49.860+05:30 DEBUG 23984 --- [siec-accounting] [http-nio-9093-exec-8] o.s.w.s.m.m.a.HttpEntityMethodProcessor  : Using 'application/json', given [*/*] and supported [application/json, application/*+json]
2026-09-30T11:49:49.861+05:30 DEBUG 23984 --- [siec-accounting] [http-nio-9093-exec-8] o.s.w.s.m.m.a.HttpEntityMethodProcessor  : Writing [com.siec_acc.exceptions.ApiResponse@54ed2762]
2026-09-30T11:49:49.865+05:30 DEBUG 23984 --- [siec-accounting] [http-nio-9093-exec-8] o.s.web.servlet.DispatcherServlet        : Completed 200 OK
2026-09-30T12:03:00.866+05:30 DEBUG 23984 --- [siec-accounting] [http-nio-9093-exec-10] o.s.web.servlet.DispatcherServlet        : GET "/api/clients/v1/get-all-clients?status=all&gst=all&type=all&page=1&size=10", parameters={masked}
2026-09-30T12:03:00.868+05:30 DEBUG 23984 --- [siec-accounting] [http-nio-9093-exec-10] s.w.s.m.m.a.RequestMappingHandlerMapping : Mapped to com.siec_acc.controller.ClientController#getAllClients(String, String, String, String, Integer, Integer)
2026-09-30T12:03:00.875+05:30  INFO 23984 --- [siec-accounting] [http-nio-9093-exec-10] c.siec_acc.controller.ClientController   : API HIT: GET /get-all-clients | status=all gst=all type=all search= page=1 size=10
2026-09-30T12:03:00.875+05:30  INFO 23984 --- [siec-accounting] [http-nio-9093-exec-10] c.s.s.serviceImpl.ClientServiceImpl      : Fetching customers | status=all gst=all type=all search= page=1 size=10
2026-09-30T12:03:00.932+05:30 DEBUG 23984 --- [siec-accounting] [http-nio-9093-exec-10] o.s.w.s.m.m.a.HttpEntityMethodProcessor  : Using 'application/json', given [*/*] and supported [application/json, application/*+json]
2026-09-30T12:03:00.933+05:30 DEBUG 23984 --- [siec-accounting] [http-nio-9093-exec-10] o.s.w.s.m.m.a.HttpEntityMethodProcessor  : Writing [com.siec_acc.exceptions.ApiResponse@1b87238d]
2026-09-30T12:03:00.942+05:30 DEBUG 23984 --- [siec-accounting] [http-nio-9093-exec-10] o.s.web.servlet.DispatcherServlet        : Completed 200 OK
2026-09-30T12:03:04.319+05:30 DEBUG 23984 --- [siec-accounting] [http-nio-9093-exec-1] o.s.web.servlet.DispatcherServlet        : GET "/api/clients/v1/get-all-clients?status=all&gst=all&type=all&page=1&size=10", parameters={masked}
2026-09-30T12:03:04.320+05:30 DEBUG 23984 --- [siec-accounting] [http-nio-9093-exec-1] s.w.s.m.m.a.RequestMappingHandlerMapping : Mapped to com.siec_acc.controller.ClientController#getAllClients(String, String, String, String, Integer, Integer)
2026-09-30T12:03:04.322+05:30  INFO 23984 --- [siec-accounting] [http-nio-9093-exec-1] c.siec_acc.controller.ClientController   : API HIT: GET /get-all-clients | status=all gst=all type=all search= page=1 size=10
2026-09-30T12:03:04.323+05:30  INFO 23984 --- [siec-accounting] [http-nio-9093-exec-1] c.s.s.serviceImpl.ClientServiceImpl      : Fetching customers | status=all gst=all type=all search= page=1 size=10
2026-09-30T12:03:04.363+05:30 DEBUG 23984 --- [siec-accounting] [http-nio-9093-exec-1] o.s.w.s.m.m.a.HttpEntityMethodProcessor  : Using 'application/json', given [*/*] and supported [application/json, application/*+json]
2026-09-30T12:03:04.363+05:30 DEBUG 23984 --- [siec-accounting] [http-nio-9093-exec-1] o.s.w.s.m.m.a.HttpEntityMethodProcessor  : Writing [com.siec_acc.exceptions.ApiResponse@2540f90c]
2026-09-30T12:03:04.367+05:30 DEBUG 23984 --- [siec-accounting] [http-nio-9093-exec-1] o.s.web.servlet.DispatcherServlet        : Completed 200 OK
2026-09-30T12:03:05.545+05:30 DEBUG 23984 --- [siec-accounting] [http-nio-9093-exec-2] o.s.web.servlet.DispatcherServlet        : GET "/api/clients/v1/get-all-clients?status=all&gst=all&type=all&page=1&size=10", parameters={masked}
2026-09-30T12:03:05.546+05:30 DEBUG 23984 --- [siec-accounting] [http-nio-9093-exec-2] s.w.s.m.m.a.RequestMappingHandlerMapping : Mapped to com.siec_acc.controller.ClientController#getAllClients(String, String, String, String, Integer, Integer)
2026-09-30T12:03:05.548+05:30  INFO 23984 --- [siec-accounting] [http-nio-9093-exec-2] c.siec_acc.controller.ClientController   : API HIT: GET /get-all-clients | status=all gst=all type=all search= page=1 size=10
2026-09-30T12:03:05.548+05:30  INFO 23984 --- [siec-accounting] [http-nio-9093-exec-2] c.s.s.serviceImpl.ClientServiceImpl      : Fetching customers | status=all gst=all type=all search= page=1 size=10
2026-09-30T12:03:05.614+05:30 DEBUG 23984 --- [siec-accounting] [http-nio-9093-exec-2] o.s.w.s.m.m.a.HttpEntityMethodProcessor  : Using 'application/json', given [*/*] and supported [application/json, application/*+json]
2026-09-30T12:03:05.615+05:30 DEBUG 23984 --- [siec-accounting] [http-nio-9093-exec-2] o.s.w.s.m.m.a.HttpEntityMethodProcessor  : Writing [com.siec_acc.exceptions.ApiResponse@5b1f0fa1]
2026-09-30T12:03:05.620+05:30 DEBUG 23984 --- [siec-accounting] [http-nio-9093-exec-2] o.s.web.servlet.DispatcherServlet        : Completed 200 OK
2026-09-30T12:03:14.892+05:30 DEBUG 23984 --- [siec-accounting] [http-nio-9093-exec-3] o.s.web.servlet.DispatcherServlet        : GET "/api/clients/v1/get-all-clients?status=all&gst=all&type=all&page=1&size=10", parameters={masked}
2026-09-30T12:03:14.894+05:30 DEBUG 23984 --- [siec-accounting] [http-nio-9093-exec-3] s.w.s.m.m.a.RequestMappingHandlerMapping : Mapped to com.siec_acc.controller.ClientController#getAllClients(String, String, String, String, Integer, Integer)
2026-09-30T12:03:14.896+05:30  INFO 23984 --- [siec-accounting] [http-nio-9093-exec-3] c.siec_acc.controller.ClientController   : API HIT: GET /get-all-clients | status=all gst=all type=all search= page=1 size=10
2026-09-30T12:03:14.896+05:30  INFO 23984 --- [siec-accounting] [http-nio-9093-exec-3] c.s.s.serviceImpl.ClientServiceImpl      : Fetching customers | status=all gst=all type=all search= page=1 size=10
2026-09-30T12:03:14.936+05:30 DEBUG 23984 --- [siec-accounting] [http-nio-9093-exec-3] o.s.w.s.m.m.a.HttpEntityMethodProcessor  : Using 'application/json', given [*/*] and supported [application/json, application/*+json]
2026-09-30T12:03:14.937+05:30 DEBUG 23984 --- [siec-accounting] [http-nio-9093-exec-3] o.s.w.s.m.m.a.HttpEntityMethodProcessor  : Writing [com.siec_acc.exceptions.ApiResponse@1df5562b]
2026-09-30T12:03:14.940+05:30 DEBUG 23984 --- [siec-accounting] [http-nio-9093-exec-3] o.s.web.servlet.DispatcherServlet        : Completed 200 OK
2026-09-30T12:03:22.020+05:30 DEBUG 23984 --- [siec-accounting] [http-nio-9093-exec-4] o.s.web.servlet.DispatcherServlet        : GET "/api/clients/v1/get-all-clients?status=all&gst=all&type=all&page=1&size=10", parameters={masked}
2026-09-30T12:03:22.021+05:30 DEBUG 23984 --- [siec-accounting] [http-nio-9093-exec-4] s.w.s.m.m.a.RequestMappingHandlerMapping : Mapped to com.siec_acc.controller.ClientController#getAllClients(String, String, String, String, Integer, Integer)
2026-09-30T12:03:22.023+05:30  INFO 23984 --- [siec-accounting] [http-nio-9093-exec-4] c.siec_acc.controller.ClientController   : API HIT: GET /get-all-clients | status=all gst=all type=all search= page=1 size=10
2026-09-30T12:03:22.024+05:30  INFO 23984 --- [siec-accounting] [http-nio-9093-exec-4] c.s.s.serviceImpl.ClientServiceImpl      : Fetching customers | status=all gst=all type=all search= page=1 size=10
2026-09-30T12:03:22.063+05:30 DEBUG 23984 --- [siec-accounting] [http-nio-9093-exec-4] o.s.w.s.m.m.a.HttpEntityMethodProcessor  : Using 'application/json', given [*/*] and supported [application/json, application/*+json]
2026-09-30T12:03:22.064+05:30 DEBUG 23984 --- [siec-accounting] [http-nio-9093-exec-4] o.s.w.s.m.m.a.HttpEntityMethodProcessor  : Writing [com.siec_acc.exceptions.ApiResponse@65da72c4]
2026-09-30T12:03:22.066+05:30 DEBUG 23984 --- [siec-accounting] [http-nio-9093-exec-4] o.s.web.servlet.DispatcherServlet        : Completed 200 OK
2026-09-30T12:03:33.836+05:30 DEBUG 23984 --- [siec-accounting] [http-nio-9093-exec-6] o.s.web.servlet.DispatcherServlet        : GET "/api/clients/v1/get-all-clients?status=all&gst=all&type=all&page=1&size=10", parameters={masked}
2026-09-30T12:03:33.837+05:30 DEBUG 23984 --- [siec-accounting] [http-nio-9093-exec-6] s.w.s.m.m.a.RequestMappingHandlerMapping : Mapped to com.siec_acc.controller.ClientController#getAllClients(String, String, String, String, Integer, Integer)
2026-09-30T12:03:33.839+05:30  INFO 23984 --- [siec-accounting] [http-nio-9093-exec-6] c.siec_acc.controller.ClientController   : API HIT: GET /get-all-clients | status=all gst=all type=all search= page=1 size=10
2026-09-30T12:03:33.840+05:30  INFO 23984 --- [siec-accounting] [http-nio-9093-exec-6] c.s.s.serviceImpl.ClientServiceImpl      : Fetching customers | status=all gst=all type=all search= page=1 size=10
2026-09-30T12:03:33.869+05:30 DEBUG 23984 --- [siec-accounting] [http-nio-9093-exec-6] o.s.w.s.m.m.a.HttpEntityMethodProcessor  : Using 'application/json', given [*/*] and supported [application/json, application/*+json]
2026-09-30T12:03:33.869+05:30 DEBUG 23984 --- [siec-accounting] [http-nio-9093-exec-6] o.s.w.s.m.m.a.HttpEntityMethodProcessor  : Writing [com.siec_acc.exceptions.ApiResponse@8af71c5]
2026-09-30T12:03:33.874+05:30 DEBUG 23984 --- [siec-accounting] [http-nio-9093-exec-6] o.s.web.servlet.DispatcherServlet        : Completed 200 OK
2026-09-30T12:04:13.693+05:30 DEBUG 23984 --- [siec-accounting] [http-nio-9093-exec-5] o.s.web.servlet.DispatcherServlet        : GET "/api/clients/v1/get-all-clients?status=all&gst=all&type=all&page=1&size=10", parameters={masked}
2026-09-30T12:04:13.694+05:30 DEBUG 23984 --- [siec-accounting] [http-nio-9093-exec-5] s.w.s.m.m.a.RequestMappingHandlerMapping : Mapped to com.siec_acc.controller.ClientController#getAllClients(String, String, String, String, Integer, Integer)
2026-09-30T12:04:13.697+05:30  INFO 23984 --- [siec-accounting] [http-nio-9093-exec-5] c.siec_acc.controller.ClientController   : API HIT: GET /get-all-clients | status=all gst=all type=all search= page=1 size=10
2026-09-30T12:04:13.697+05:30  INFO 23984 --- [siec-accounting] [http-nio-9093-exec-5] c.s.s.serviceImpl.ClientServiceImpl      : Fetching customers | status=all gst=all type=all search= page=1 size=10
2026-09-30T12:04:13.744+05:30 DEBUG 23984 --- [siec-accounting] [http-nio-9093-exec-5] o.s.w.s.m.m.a.HttpEntityMethodProcessor  : Using 'application/json', given [*/*] and supported [application/json, application/*+json]
2026-09-30T12:04:13.745+05:30 DEBUG 23984 --- [siec-accounting] [http-nio-9093-exec-5] o.s.w.s.m.m.a.HttpEntityMethodProcessor  : Writing [com.siec_acc.exceptions.ApiResponse@2037a61d]
2026-09-30T12:04:13.761+05:30 DEBUG 23984 --- [siec-accounting] [http-nio-9093-exec-5] o.s.web.servlet.DispatcherServlet        : Completed 200 OK
2026-09-30T12:04:15.636+05:30 DEBUG 23984 --- [siec-accounting] [http-nio-9093-exec-7] o.s.web.servlet.DispatcherServlet        : GET "/api/clients/v1/get-all-clients?status=all&gst=all&type=all&page=1&size=10", parameters={masked}
2026-09-30T12:04:15.636+05:30 DEBUG 23984 --- [siec-accounting] [http-nio-9093-exec-7] s.w.s.m.m.a.RequestMappingHandlerMapping : Mapped to com.siec_acc.controller.ClientController#getAllClients(String, String, String, String, Integer, Integer)
2026-09-30T12:04:15.637+05:30  INFO 23984 --- [siec-accounting] [http-nio-9093-exec-7] c.siec_acc.controller.ClientController   : API HIT: GET /get-all-clients | status=all gst=all type=all search= page=1 size=10
2026-09-30T12:04:15.639+05:30  INFO 23984 --- [siec-accounting] [http-nio-9093-exec-7] c.s.s.serviceImpl.ClientServiceImpl      : Fetching customers | status=all gst=all type=all search= page=1 size=10
2026-09-30T12:04:15.673+05:30 DEBUG 23984 --- [siec-accounting] [http-nio-9093-exec-7] o.s.w.s.m.m.a.HttpEntityMethodProcessor  : Using 'application/json', given [*/*] and supported [application/json, application/*+json]
2026-09-30T12:04:15.673+05:30 DEBUG 23984 --- [siec-accounting] [http-nio-9093-exec-7] o.s.w.s.m.m.a.HttpEntityMethodProcessor  : Writing [com.siec_acc.exceptions.ApiResponse@13f09433]
2026-09-30T12:04:15.678+05:30 DEBUG 23984 --- [siec-accounting] [http-nio-9093-exec-7] o.s.web.servlet.DispatcherServlet        : Completed 200 OK
2026-09-30T12:17:33.864+05:30 DEBUG 23984 --- [siec-accounting] [http-nio-9093-exec-9] o.s.web.servlet.DispatcherServlet        : GET "/api/clients/v1/get-client/CUS-001", parameters={}
2026-09-30T12:17:33.866+05:30 DEBUG 23984 --- [siec-accounting] [http-nio-9093-exec-9] s.w.s.m.m.a.RequestMappingHandlerMapping : Mapped to com.siec_acc.controller.ClientController#getClient(String)
2026-09-30T12:17:33.871+05:30  INFO 23984 --- [siec-accounting] [http-nio-9093-exec-9] c.siec_acc.controller.ClientController   : API HIT: GET /get-client/CUS-001
2026-09-30T12:17:33.871+05:30  INFO 23984 --- [siec-accounting] [http-nio-9093-exec-9] c.s.s.serviceImpl.ClientServiceImpl      : Fetching customer: CUS-001
2026-09-30T12:17:33.884+05:30 DEBUG 23984 --- [siec-accounting] [http-nio-9093-exec-9] o.s.w.s.m.m.a.HttpEntityMethodProcessor  : Using 'application/json', given [*/*] and supported [application/json, application/*+json]
2026-09-30T12:17:33.884+05:30 DEBUG 23984 --- [siec-accounting] [http-nio-9093-exec-9] o.s.w.s.m.m.a.HttpEntityMethodProcessor  : Writing [com.siec_acc.exceptions.ApiResponse@181018c0]
2026-09-30T12:17:33.891+05:30 DEBUG 23984 --- [siec-accounting] [http-nio-9093-exec-9] o.s.web.servlet.DispatcherServlet        : Completed 200 OK
2026-09-30T12:35:58.418+05:30  WARN 23984 --- [siec-accounting] [HikariPool-1:housekeeper] com.zaxxer.hikari.pool.HikariPool        : HikariPool-1 - Thread starvation or clock leap detected (housekeeper delta=51s292ms241µs300ns).
2026-09-30T12:50:06.111+05:30 DEBUG 23984 --- [siec-accounting] [http-nio-9093-exec-1] o.s.web.servlet.DispatcherServlet        : GET "/api/clients/v1/get-client/CUS-001", parameters={}
2026-09-30T12:50:06.112+05:30 DEBUG 23984 --- [siec-accounting] [http-nio-9093-exec-1] s.w.s.m.m.a.RequestMappingHandlerMapping : Mapped to com.siec_acc.controller.ClientController#getClient(String)
2026-09-30T12:50:06.115+05:30  INFO 23984 --- [siec-accounting] [http-nio-9093-exec-1] c.siec_acc.controller.ClientController   : API HIT: GET /get-client/CUS-001
2026-09-30T12:50:06.115+05:30  INFO 23984 --- [siec-accounting] [http-nio-9093-exec-1] c.s.s.serviceImpl.ClientServiceImpl      : Fetching customer: CUS-001
2026-09-30T12:50:06.127+05:30 DEBUG 23984 --- [siec-accounting] [http-nio-9093-exec-1] o.s.w.s.m.m.a.HttpEntityMethodProcessor  : Using 'application/json', given [*/*] and supported [application/json, application/*+json]
2026-09-30T12:50:06.128+05:30 DEBUG 23984 --- [siec-accounting] [http-nio-9093-exec-1] o.s.w.s.m.m.a.HttpEntityMethodProcessor  : Writing [com.siec_acc.exceptions.ApiResponse@356b7c92]
2026-09-30T12:50:06.132+05:30 DEBUG 23984 --- [siec-accounting] [http-nio-9093-exec-1] o.s.web.servlet.DispatcherServlet        : Completed 200 OK
2026-09-30T12:50:15.832+05:30 DEBUG 23984 --- [siec-accounting] [http-nio-9093-exec-3] o.s.web.servlet.DispatcherServlet        : PUT "/api/clients/v1/update-client/CUS-001", parameters={}
2026-09-30T12:50:15.833+05:30 DEBUG 23984 --- [siec-accounting] [http-nio-9093-exec-3] s.w.s.m.m.a.RequestMappingHandlerMapping : Mapped to com.siec_acc.controller.ClientController#updateClient(String, ClientRequestDto)
2026-09-30T12:50:15.952+05:30 DEBUG 23984 --- [siec-accounting] [http-nio-9093-exec-3] m.m.a.RequestResponseBodyMethodProcessor : Read "application/json;charset=UTF-8" to [com.siec_acc.dto.request.ClientRequestDto@57fc47d4]
2026-09-30T12:50:15.957+05:30  INFO 23984 --- [siec-accounting] [http-nio-9093-exec-3] c.siec_acc.controller.ClientController   : API HIT: PUT /update-client/CUS-001
2026-09-30T12:50:15.961+05:30  INFO 23984 --- [siec-accounting] [http-nio-9093-exec-3] c.s.s.serviceImpl.ClientServiceImpl      : Updating customer: CUS-001
2026-09-30T12:50:15.989+05:30  INFO 23984 --- [siec-accounting] [http-nio-9093-exec-3] c.s.s.serviceImpl.ClientServiceImpl      : Customer updated successfully: CUS-001
2026-09-30T12:50:16.072+05:30 DEBUG 23984 --- [siec-accounting] [http-nio-9093-exec-3] o.s.w.s.m.m.a.HttpEntityMethodProcessor  : Using 'application/json', given [*/*] and supported [application/json, application/*+json]
2026-09-30T12:50:16.072+05:30 DEBUG 23984 --- [siec-accounting] [http-nio-9093-exec-3] o.s.w.s.m.m.a.HttpEntityMethodProcessor  : Writing [com.siec_acc.exceptions.ApiResponse@6cd2fbf6]
2026-09-30T12:50:16.074+05:30 DEBUG 23984 --- [siec-accounting] [http-nio-9093-exec-3] o.s.web.servlet.DispatcherServlet        : Completed 200 OK
2026-09-30T12:50:16.079+05:30 DEBUG 23984 --- [siec-accounting] [http-nio-9093-exec-4] o.s.web.servlet.DispatcherServlet        : GET "/api/clients/v1/get-all-clients?status=all&gst=all&type=all&page=1&size=10", parameters={masked}
2026-09-30T12:50:16.079+05:30 DEBUG 23984 --- [siec-accounting] [http-nio-9093-exec-4] s.w.s.m.m.a.RequestMappingHandlerMapping : Mapped to com.siec_acc.controller.ClientController#getAllClients(String, String, String, String, Integer, Integer)
2026-09-30T12:50:16.081+05:30  INFO 23984 --- [siec-accounting] [http-nio-9093-exec-4] c.siec_acc.controller.ClientController   : API HIT: GET /get-all-clients | status=all gst=all type=all search= page=1 size=10
2026-09-30T12:50:16.081+05:30  INFO 23984 --- [siec-accounting] [http-nio-9093-exec-4] c.s.s.serviceImpl.ClientServiceImpl      : Fetching customers | status=all gst=all type=all search= page=1 size=10
2026-09-30T12:50:16.106+05:30 DEBUG 23984 --- [siec-accounting] [http-nio-9093-exec-4] o.s.w.s.m.m.a.HttpEntityMethodProcessor  : Using 'application/json', given [*/*] and supported [application/json, application/*+json]
2026-09-30T12:50:16.109+05:30 DEBUG 23984 --- [siec-accounting] [http-nio-9093-exec-4] o.s.w.s.m.m.a.HttpEntityMethodProcessor  : Writing [com.siec_acc.exceptions.ApiResponse@179ad315]
2026-09-30T12:50:16.110+05:30 DEBUG 23984 --- [siec-accounting] [http-nio-9093-exec-4] o.s.web.servlet.DispatcherServlet        : Completed 200 OK
2026-09-30T12:50:20.641+05:30 DEBUG 23984 --- [siec-accounting] [http-nio-9093-exec-6] o.s.web.servlet.DispatcherServlet        : GET "/api/clients/v1/get-client/CUS-001", parameters={}
2026-09-30T12:50:20.642+05:30 DEBUG 23984 --- [siec-accounting] [http-nio-9093-exec-6] s.w.s.m.m.a.RequestMappingHandlerMapping : Mapped to com.siec_acc.controller.ClientController#getClient(String)
2026-09-30T12:50:20.643+05:30  INFO 23984 --- [siec-accounting] [http-nio-9093-exec-6] c.siec_acc.controller.ClientController   : API HIT: GET /get-client/CUS-001
2026-09-30T12:50:20.643+05:30  INFO 23984 --- [siec-accounting] [http-nio-9093-exec-6] c.s.s.serviceImpl.ClientServiceImpl      : Fetching customer: CUS-001
2026-09-30T12:50:20.649+05:30 DEBUG 23984 --- [siec-accounting] [http-nio-9093-exec-6] o.s.w.s.m.m.a.HttpEntityMethodProcessor  : Using 'application/json', given [*/*] and supported [application/json, application/*+json]
2026-09-30T12:50:20.649+05:30 DEBUG 23984 --- [siec-accounting] [http-nio-9093-exec-6] o.s.w.s.m.m.a.HttpEntityMethodProcessor  : Writing [com.siec_acc.exceptions.ApiResponse@6609ed5]
2026-09-30T12:50:20.651+05:30 DEBUG 23984 --- [siec-accounting] [http-nio-9093-exec-6] o.s.web.servlet.DispatcherServlet        : Completed 200 OK
2026-09-30T13:04:12.436+05:30  INFO 23984 --- [siec-accounting] [SpringApplicationShutdownHook] o.s.boot.tomcat.GracefulShutdown         : Commencing graceful shutdown. Waiting for active requests to complete
2026-09-30T13:04:12.441+05:30  INFO 23984 --- [siec-accounting] [tomcat-shutdown] o.s.boot.tomcat.GracefulShutdown         : Graceful shutdown complete
2026-09-30T13:04:12.448+05:30  INFO 23984 --- [siec-accounting] [SpringApplicationShutdownHook] j.LocalContainerEntityManagerFactoryBean : Closing JPA EntityManagerFactory for persistence unit 'default'
2026-09-30T13:04:12.452+05:30  INFO 23984 --- [siec-accounting] [SpringApplicationShutdownHook] com.zaxxer.hikari.HikariDataSource       : HikariPool-1 - Shutdown initiated...
2026-09-30T13:04:12.455+05:30  INFO 23984 --- [siec-accounting] [SpringApplicationShutdownHook] com.zaxxer.hikari.HikariDataSource       : HikariPool-1 - Shutdown completed.
2026-09-30T14:47:41.224+05:30  INFO 28552 --- [siec-accounting] [restartedMain] com.siec_acc.SiecAccountingApplication   : Starting SiecAccountingApplication using Java 21.0.7 with PID 28552 (C:\Users\sarvadnya\OneDrive\Desktop\SIEC-Project\siec_acc_admin_backend_v1_0\target\classes started by sarvadnya in C:\Users\sarvadnya\OneDrive\Desktop\SIEC-Project\siec_acc_admin_backend_v1_0)
2026-09-30T14:47:41.228+05:30  INFO 28552 --- [siec-accounting] [restartedMain] com.siec_acc.SiecAccountingApplication   : No active profile set, falling back to 1 default profile: "default"
2026-09-30T14:47:41.293+05:30  INFO 28552 --- [siec-accounting] [restartedMain] o.s.b.devtools.restart.ChangeableUrls    : The Class-Path manifest attribute in C:\Users\sarvadnya\.m2\repository\io\github\cdimascio\java-dotenv\5.2.2\java-dotenv-5.2.2.jar referenced one or more files that do not exist: file:/C:/Users/sarvadnya/.m2/repository/io/github/cdimascio/java-dotenv/5.2.2/kotlin-stdlib-1.4.0.jar,file:/C:/Users/sarvadnya/.m2/repository/io/github/cdimascio/java-dotenv/5.2.2/kotlin-stdlib-common-1.4.0.jar,file:/C:/Users/sarvadnya/.m2/repository/io/github/cdimascio/java-dotenv/5.2.2/annotations-13.0.jar
2026-09-30T14:47:41.293+05:30  INFO 28552 --- [siec-accounting] [restartedMain] .e.DevToolsPropertyDefaultsPostProcessor : Devtools property defaults active! Set 'spring.devtools.add-properties' to 'false' to disable
2026-09-30T14:47:41.294+05:30  INFO 28552 --- [siec-accounting] [restartedMain] .e.DevToolsPropertyDefaultsPostProcessor : For additional web related logging consider setting the 'logging.level.web' property to 'DEBUG'
2026-09-30T14:47:42.366+05:30  INFO 28552 --- [siec-accounting] [restartedMain] .s.d.r.c.RepositoryConfigurationDelegate : Multiple Spring Data modules found, entering strict repository configuration mode
2026-09-30T14:47:42.368+05:30  INFO 28552 --- [siec-accounting] [restartedMain] .s.d.r.c.RepositoryConfigurationDelegate : Bootstrapping Spring Data JDBC repositories in DEFAULT mode.
2026-09-30T14:47:42.422+05:30  INFO 28552 --- [siec-accounting] [restartedMain] .RepositoryConfigurationExtensionSupport : Spring Data JDBC - Could not safely identify store assignment for repository candidate interface com.siec_acc.repository.AdminRepository; If you want this repository to be a JDBC repository, consider annotating your entities with one of these annotations: org.springframework.data.relational.core.mapping.Table.
2026-09-30T14:47:42.425+05:30  INFO 28552 --- [siec-accounting] [restartedMain] .RepositoryConfigurationExtensionSupport : Spring Data JDBC - Could not safely identify store assignment for repository candidate interface com.siec_acc.repository.ClientRepository; If you want this repository to be a JDBC repository, consider annotating your entities with one of these annotations: org.springframework.data.relational.core.mapping.Table.
2026-09-30T14:47:42.427+05:30  INFO 28552 --- [siec-accounting] [restartedMain] .RepositoryConfigurationExtensionSupport : Spring Data JDBC - Could not safely identify store assignment for repository candidate interface com.siec_acc.repository.InventoryHistoryRepository; If you want this repository to be a JDBC repository, consider annotating your entities with one of these annotations: org.springframework.data.relational.core.mapping.Table.
2026-09-30T14:47:42.429+05:30  INFO 28552 --- [siec-accounting] [restartedMain] .RepositoryConfigurationExtensionSupport : Spring Data JDBC - Could not safely identify store assignment for repository candidate interface com.siec_acc.repository.InventoryRepository; If you want this repository to be a JDBC repository, consider annotating your entities with one of these annotations: org.springframework.data.relational.core.mapping.Table.
2026-09-30T14:47:42.431+05:30  INFO 28552 --- [siec-accounting] [restartedMain] .RepositoryConfigurationExtensionSupport : Spring Data JDBC - Could not safely identify store assignment for repository candidate interface com.siec_acc.repository.ProductRepository; If you want this repository to be a JDBC repository, consider annotating your entities with one of these annotations: org.springframework.data.relational.core.mapping.Table.
2026-09-30T14:47:42.434+05:30  INFO 28552 --- [siec-accounting] [restartedMain] .RepositoryConfigurationExtensionSupport : Spring Data JDBC - Could not safely identify store assignment for repository candidate interface com.siec_acc.repository.VariantRepository; If you want this repository to be a JDBC repository, consider annotating your entities with one of these annotations: org.springframework.data.relational.core.mapping.Table.
2026-09-30T14:47:42.435+05:30  INFO 28552 --- [siec-accounting] [restartedMain] .s.d.r.c.RepositoryConfigurationDelegate : Finished Spring Data repository scanning in 57 ms. Found 0 JDBC repository interfaces.
2026-09-30T14:47:42.450+05:30  INFO 28552 --- [siec-accounting] [restartedMain] .s.d.r.c.RepositoryConfigurationDelegate : Multiple Spring Data modules found, entering strict repository configuration mode
2026-09-30T14:47:42.452+05:30  INFO 28552 --- [siec-accounting] [restartedMain] .s.d.r.c.RepositoryConfigurationDelegate : Bootstrapping Spring Data JPA repositories in DEFAULT mode.
2026-09-30T14:47:42.509+05:30  INFO 28552 --- [siec-accounting] [restartedMain] .s.d.r.c.RepositoryConfigurationDelegate : Finished Spring Data repository scanning in 52 ms. Found 6 JPA repository interfaces.
2026-09-30T14:47:43.380+05:30  INFO 28552 --- [siec-accounting] [restartedMain] o.s.boot.tomcat.TomcatWebServer          : Tomcat initialized with port 9093 (http)
2026-09-30T14:47:43.402+05:30  INFO 28552 --- [siec-accounting] [restartedMain] o.apache.catalina.core.StandardService   : Starting service [Tomcat]
2026-09-30T14:47:43.403+05:30  INFO 28552 --- [siec-accounting] [restartedMain] o.apache.catalina.core.StandardEngine    : Starting Servlet engine: [Apache Tomcat/11.0.24]
2026-09-30T14:47:43.502+05:30  INFO 28552 --- [siec-accounting] [restartedMain] b.w.c.s.WebApplicationContextInitializer : Root WebApplicationContext: initialization completed in 2208 ms
2026-09-30T14:47:43.774+05:30  INFO 28552 --- [siec-accounting] [restartedMain] org.hibernate.orm.jpa                    : HHH008540: Processing PersistenceUnitInfo [name: default]
2026-09-30T14:47:43.895+05:30  INFO 28552 --- [siec-accounting] [restartedMain] org.hibernate.orm.core                   : HHH000001: Hibernate ORM core version 7.4.5.Final
2026-09-30T14:47:44.655+05:30  INFO 28552 --- [siec-accounting] [restartedMain] o.s.o.j.p.SpringPersistenceUnitInfo      : No LoadTimeWeaver setup: ignoring JPA class transformer
2026-09-30T14:47:44.718+05:30  INFO 28552 --- [siec-accounting] [restartedMain] com.zaxxer.hikari.HikariDataSource       : HikariPool-1 - Starting...
2026-09-30T14:47:44.949+05:30  INFO 28552 --- [siec-accounting] [restartedMain] com.zaxxer.hikari.pool.HikariPool        : HikariPool-1 - Added connection com.mysql.cj.jdbc.ConnectionImpl@33cb3e1
2026-09-30T14:47:44.953+05:30  INFO 28552 --- [siec-accounting] [restartedMain] com.zaxxer.hikari.HikariDataSource       : HikariPool-1 - Start completed.
2026-09-30T14:47:45.085+05:30  INFO 28552 --- [siec-accounting] [restartedMain] org.hibernate.orm.connections.pooling    : HHH10001005: Database info:
	Database JDBC URL [jdbc:mysql://localhost:3306/siec_acc_db?useSSL=false&serverTimezone=UTC&allowPublicKeyRetrieval=true&allowPublicKeyRetrieval=true]
	Database driver: MySQL Connector/J
	Database dialect: MySQLDialect
	Database version: 8.0.44
	Default catalog/schema: siec_acc_db/undefined
	Autocommit mode: undefined/unknown
	Isolation level: REPEATABLE_READ [default REPEATABLE_READ]
	JDBC fetch size: none
	Pool: DataSourceConnectionProvider
	Minimum pool size: undefined/unknown
	Maximum pool size: undefined/unknown
2026-09-30T14:47:47.099+05:30  INFO 28552 --- [siec-accounting] [restartedMain] org.hibernate.orm.core                   : HHH000489: No JTA platform available (set 'hibernate.transaction.jta.platform' to enable JTA platform integration)
2026-09-30T14:47:47.230+05:30  INFO 28552 --- [siec-accounting] [restartedMain] j.LocalContainerEntityManagerFactoryBean : Initialized JPA EntityManagerFactory for persistence unit 'default'
2026-09-30T14:47:47.337+05:30  INFO 28552 --- [siec-accounting] [restartedMain] o.s.d.j.r.query.QueryEnhancerFactories   : Hibernate is in classpath; If applicable, HQL parser will be used.
2026-09-30T14:47:47.990+05:30  INFO 28552 --- [siec-accounting] [restartedMain] com.siec_acc.security.SecurityConfig     : SecurityConfig bean initialized
2026-09-30T14:47:48.007+05:30  INFO 28552 --- [siec-accounting] [restartedMain] com.siec_acc.security.AuthController     : AuthController initialized
2026-09-30T14:47:48.109+05:30  WARN 28552 --- [siec-accounting] [restartedMain] JpaBaseConfiguration$JpaWebConfiguration : spring.jpa.open-in-view is enabled by default. Therefore, database queries may be performed during view rendering. Explicitly configure spring.jpa.open-in-view to disable this warning
2026-09-30T14:47:48.301+05:30  INFO 28552 --- [siec-accounting] [restartedMain] eAuthenticationProviderManagerConfigurer : Global AuthenticationManager configured with AuthenticationProvider bean with name authenticationProvider
2026-09-30T14:47:48.302+05:30  WARN 28552 --- [siec-accounting] [restartedMain] r$InitializeUserDetailsManagerConfigurer : Global AuthenticationManager configured with an AuthenticationProvider bean. UserDetailsService beans will not be used by Spring Security for automatically configuring username/password login. Consider removing the AuthenticationProvider bean. Alternatively, consider using the UserDetailsService in a manually instantiated DaoAuthenticationProvider. If the current configuration is intentional, to turn off this warning, increase the logging level of 'org.springframework.security.config.annotation.authentication.configuration.InitializeUserDetailsBeanManagerConfigurer' to ERROR
2026-09-30T14:47:48.487+05:30  INFO 28552 --- [siec-accounting] [restartedMain] com.siec_acc.security.SecurityConfig     : SecurityFilterChain configured successfully (OAuth2 removed)
2026-09-30T14:47:48.719+05:30 DEBUG 28552 --- [siec-accounting] [restartedMain] s.w.s.m.m.a.RequestMappingHandlerMapping : 35 mappings in 'requestMappingHandlerMapping'
2026-09-30T14:47:48.776+05:30 DEBUG 28552 --- [siec-accounting] [restartedMain] o.s.w.s.handler.SimpleUrlHandlerMapping  : Patterns [/webjars/**, /**] in 'resourceHandlerMapping'
2026-09-30T14:47:48.828+05:30 DEBUG 28552 --- [siec-accounting] [restartedMain] s.w.s.m.m.a.RequestMappingHandlerAdapter : ControllerAdvice beans: 0 @ModelAttribute, 0 @InitBinder, 2 RequestBodyAdvice, 1 ResponseBodyAdvice
2026-09-30T14:47:48.914+05:30 DEBUG 28552 --- [siec-accounting] [restartedMain] .m.m.a.ExceptionHandlerExceptionResolver : ControllerAdvice beans: 1 @ExceptionHandler, 1 ResponseBodyAdvice
2026-09-30T14:47:49.317+05:30  INFO 28552 --- [siec-accounting] [restartedMain] o.s.boot.tomcat.TomcatWebServer          : Tomcat started on port 9093 (http) with context path '/'
2026-09-30T14:47:49.325+05:30  INFO 28552 --- [siec-accounting] [restartedMain] com.siec_acc.SiecAccountingApplication   : Started SiecAccountingApplication in 8.757 seconds (process running for 9.651)
2026-09-30T14:53:21.771+05:30  INFO 28552 --- [siec-accounting] [http-nio-9093-exec-1] o.a.c.c.C.[Tomcat].[localhost].[/]       : Initializing Spring DispatcherServlet 'dispatcherServlet'
2026-09-30T14:53:21.775+05:30  INFO 28552 --- [siec-accounting] [http-nio-9093-exec-1] o.s.web.servlet.DispatcherServlet        : Initializing Servlet 'dispatcherServlet'
2026-09-30T14:53:21.775+05:30 DEBUG 28552 --- [siec-accounting] [http-nio-9093-exec-1] o.s.web.servlet.DispatcherServlet        : Detected StandardServletMultipartResolver
2026-09-30T14:53:21.776+05:30 DEBUG 28552 --- [siec-accounting] [http-nio-9093-exec-1] o.s.web.servlet.DispatcherServlet        : Detected AcceptHeaderLocaleResolver
2026-09-30T14:53:21.780+05:30 DEBUG 28552 --- [siec-accounting] [http-nio-9093-exec-1] o.s.web.servlet.DispatcherServlet        : Detected org.springframework.web.servlet.view.DefaultRequestToViewNameTranslator@6c2ba8d
2026-09-30T14:53:21.782+05:30 DEBUG 28552 --- [siec-accounting] [http-nio-9093-exec-1] o.s.web.servlet.DispatcherServlet        : Detected org.springframework.web.servlet.support.SessionFlashMapManager@5196680
2026-09-30T14:53:21.788+05:30 DEBUG 28552 --- [siec-accounting] [http-nio-9093-exec-1] o.s.web.servlet.DispatcherServlet        : enableLoggingRequestDetails='false': request parameters and headers will be masked to prevent unsafe logging of potentially sensitive data
2026-09-30T14:53:21.792+05:30  INFO 28552 --- [siec-accounting] [http-nio-9093-exec-1] o.s.web.servlet.DispatcherServlet        : Completed initialization in 15 ms
2026-09-30T14:53:21.934+05:30 DEBUG 28552 --- [siec-accounting] [http-nio-9093-exec-1] o.s.web.servlet.DispatcherServlet        : GET "/api/clients/v1/get-client-types", parameters={}
2026-09-30T14:53:21.960+05:30 DEBUG 28552 --- [siec-accounting] [http-nio-9093-exec-1] s.w.s.m.m.a.RequestMappingHandlerMapping : Mapped to com.siec_acc.controller.ClientController#getClientTypes()
2026-09-30T14:53:22.004+05:30  INFO 28552 --- [siec-accounting] [http-nio-9093-exec-1] c.siec_acc.controller.ClientController   : API HIT: GET /get-client-types
2026-09-30T14:53:22.006+05:30  INFO 28552 --- [siec-accounting] [http-nio-9093-exec-1] c.s.s.serviceImpl.ClientServiceImpl      : Fetching client types
2026-09-30T14:53:22.655+05:30 DEBUG 28552 --- [siec-accounting] [http-nio-9093-exec-1] o.s.w.s.m.m.a.HttpEntityMethodProcessor  : Using 'application/json', given [*/*] and supported [application/json, application/*+json]
2026-09-30T14:53:22.659+05:30 DEBUG 28552 --- [siec-accounting] [http-nio-9093-exec-1] o.s.w.s.m.m.a.HttpEntityMethodProcessor  : Writing [com.siec_acc.exceptions.ApiResponse@110eb790]
2026-09-30T14:53:22.862+05:30 DEBUG 28552 --- [siec-accounting] [http-nio-9093-exec-1] o.s.web.servlet.DispatcherServlet        : Completed 200 OK
2026-09-30T14:53:22.875+05:30 DEBUG 28552 --- [siec-accounting] [http-nio-9093-exec-3] o.s.web.servlet.DispatcherServlet        : GET "/api/clients/v1/get-all-clients?status=all&gst=all&type=all&page=1&size=10", parameters={masked}
2026-09-30T14:53:22.876+05:30 DEBUG 28552 --- [siec-accounting] [http-nio-9093-exec-3] s.w.s.m.m.a.RequestMappingHandlerMapping : Mapped to com.siec_acc.controller.ClientController#getAllClients(String, String, String, String, Integer, Integer)
2026-09-30T14:53:22.910+05:30  INFO 28552 --- [siec-accounting] [http-nio-9093-exec-3] c.siec_acc.controller.ClientController   : API HIT: GET /get-all-clients | status=all gst=all type=all search= page=1 size=10
2026-09-30T14:53:22.912+05:30  INFO 28552 --- [siec-accounting] [http-nio-9093-exec-3] c.s.s.serviceImpl.ClientServiceImpl      : Fetching customers | status=all gst=all type=all search= page=1 size=10
2026-09-30T14:53:23.082+05:30 DEBUG 28552 --- [siec-accounting] [http-nio-9093-exec-3] o.s.w.s.m.m.a.HttpEntityMethodProcessor  : Using 'application/json', given [*/*] and supported [application/json, application/*+json]
2026-09-30T14:53:23.083+05:30 DEBUG 28552 --- [siec-accounting] [http-nio-9093-exec-3] o.s.w.s.m.m.a.HttpEntityMethodProcessor  : Writing [com.siec_acc.exceptions.ApiResponse@bf6ee10]
2026-09-30T14:53:23.129+05:30 DEBUG 28552 --- [siec-accounting] [http-nio-9093-exec-3] o.s.web.servlet.DispatcherServlet        : Completed 200 OK
2026-09-30T14:55:30.361+05:30 DEBUG 28552 --- [siec-accounting] [http-nio-9093-exec-4] o.s.web.servlet.DispatcherServlet        : GET "/api/clients/v1/get-client-types", parameters={}
2026-09-30T14:55:30.361+05:30 DEBUG 28552 --- [siec-accounting] [http-nio-9093-exec-4] s.w.s.m.m.a.RequestMappingHandlerMapping : Mapped to com.siec_acc.controller.ClientController#getClientTypes()
2026-09-30T14:55:30.362+05:30  INFO 28552 --- [siec-accounting] [http-nio-9093-exec-4] c.siec_acc.controller.ClientController   : API HIT: GET /get-client-types
2026-09-30T14:55:30.362+05:30  INFO 28552 --- [siec-accounting] [http-nio-9093-exec-4] c.s.s.serviceImpl.ClientServiceImpl      : Fetching client types
2026-09-30T14:55:30.374+05:30 DEBUG 28552 --- [siec-accounting] [http-nio-9093-exec-4] o.s.w.s.m.m.a.HttpEntityMethodProcessor  : Using 'application/json', given [*/*] and supported [application/json, application/*+json]
2026-09-30T14:55:30.375+05:30 DEBUG 28552 --- [siec-accounting] [http-nio-9093-exec-4] o.s.w.s.m.m.a.HttpEntityMethodProcessor  : Writing [com.siec_acc.exceptions.ApiResponse@59432e4d]
2026-09-30T14:55:30.377+05:30 DEBUG 28552 --- [siec-accounting] [http-nio-9093-exec-4] o.s.web.servlet.DispatcherServlet        : Completed 200 OK
2026-09-30T14:55:30.430+05:30 DEBUG 28552 --- [siec-accounting] [http-nio-9093-exec-5] o.s.web.servlet.DispatcherServlet        : GET "/api/clients/v1/get-all-clients?status=all&gst=all&type=all&page=1&size=10", parameters={masked}
2026-09-30T14:55:30.430+05:30 DEBUG 28552 --- [siec-accounting] [http-nio-9093-exec-5] s.w.s.m.m.a.RequestMappingHandlerMapping : Mapped to com.siec_acc.controller.ClientController#getAllClients(String, String, String, String, Integer, Integer)
2026-09-30T14:55:30.432+05:30  INFO 28552 --- [siec-accounting] [http-nio-9093-exec-5] c.siec_acc.controller.ClientController   : API HIT: GET /get-all-clients | status=all gst=all type=all search= page=1 size=10
2026-09-30T14:55:30.433+05:30  INFO 28552 --- [siec-accounting] [http-nio-9093-exec-5] c.s.s.serviceImpl.ClientServiceImpl      : Fetching customers | status=all gst=all type=all search= page=1 size=10
2026-09-30T14:55:30.453+05:30 DEBUG 28552 --- [siec-accounting] [http-nio-9093-exec-5] o.s.w.s.m.m.a.HttpEntityMethodProcessor  : Using 'application/json', given [*/*] and supported [application/json, application/*+json]
2026-09-30T14:55:30.453+05:30 DEBUG 28552 --- [siec-accounting] [http-nio-9093-exec-5] o.s.w.s.m.m.a.HttpEntityMethodProcessor  : Writing [com.siec_acc.exceptions.ApiResponse@344aa916]
2026-09-30T14:55:30.455+05:30 DEBUG 28552 --- [siec-accounting] [http-nio-9093-exec-5] o.s.web.servlet.DispatcherServlet        : Completed 200 OK
2026-09-30T14:55:50.010+05:30 DEBUG 28552 --- [siec-accounting] [http-nio-9093-exec-6] o.s.web.servlet.DispatcherServlet        : GET "/api/clients/v1/get-client-types", parameters={}
2026-09-30T14:55:50.011+05:30 DEBUG 28552 --- [siec-accounting] [http-nio-9093-exec-6] s.w.s.m.m.a.RequestMappingHandlerMapping : Mapped to com.siec_acc.controller.ClientController#getClientTypes()
2026-09-30T14:55:50.012+05:30  INFO 28552 --- [siec-accounting] [http-nio-9093-exec-6] c.siec_acc.controller.ClientController   : API HIT: GET /get-client-types
2026-09-30T14:55:50.012+05:30  INFO 28552 --- [siec-accounting] [http-nio-9093-exec-6] c.s.s.serviceImpl.ClientServiceImpl      : Fetching client types
2026-09-30T14:55:50.023+05:30 DEBUG 28552 --- [siec-accounting] [http-nio-9093-exec-6] o.s.w.s.m.m.a.HttpEntityMethodProcessor  : Using 'application/json', given [*/*] and supported [application/json, application/*+json]
2026-09-30T14:55:50.024+05:30 DEBUG 28552 --- [siec-accounting] [http-nio-9093-exec-6] o.s.w.s.m.m.a.HttpEntityMethodProcessor  : Writing [com.siec_acc.exceptions.ApiResponse@6a447bcd]
2026-09-30T14:55:50.026+05:30 DEBUG 28552 --- [siec-accounting] [http-nio-9093-exec-6] o.s.web.servlet.DispatcherServlet        : Completed 200 OK
2026-09-30T14:55:50.081+05:30 DEBUG 28552 --- [siec-accounting] [http-nio-9093-exec-7] o.s.web.servlet.DispatcherServlet        : GET "/api/clients/v1/get-all-clients?status=all&gst=all&type=all&page=1&size=10", parameters={masked}
2026-09-30T14:55:50.082+05:30 DEBUG 28552 --- [siec-accounting] [http-nio-9093-exec-7] s.w.s.m.m.a.RequestMappingHandlerMapping : Mapped to com.siec_acc.controller.ClientController#getAllClients(String, String, String, String, Integer, Integer)
2026-09-30T14:55:50.083+05:30  INFO 28552 --- [siec-accounting] [http-nio-9093-exec-7] c.siec_acc.controller.ClientController   : API HIT: GET /get-all-clients | status=all gst=all type=all search= page=1 size=10
2026-09-30T14:55:50.083+05:30  INFO 28552 --- [siec-accounting] [http-nio-9093-exec-7] c.s.s.serviceImpl.ClientServiceImpl      : Fetching customers | status=all gst=all type=all search= page=1 size=10
2026-09-30T14:55:50.104+05:30 DEBUG 28552 --- [siec-accounting] [http-nio-9093-exec-7] o.s.w.s.m.m.a.HttpEntityMethodProcessor  : Using 'application/json', given [*/*] and supported [application/json, application/*+json]
2026-09-30T14:55:50.104+05:30 DEBUG 28552 --- [siec-accounting] [http-nio-9093-exec-7] o.s.w.s.m.m.a.HttpEntityMethodProcessor  : Writing [com.siec_acc.exceptions.ApiResponse@7ffaa894]
2026-09-30T14:55:50.106+05:30 DEBUG 28552 --- [siec-accounting] [http-nio-9093-exec-7] o.s.web.servlet.DispatcherServlet        : Completed 200 OK
2026-09-30T14:55:52.805+05:30 DEBUG 28552 --- [siec-accounting] [http-nio-9093-exec-8] o.s.web.servlet.DispatcherServlet        : GET "/api/clients/v1/get-client-types", parameters={}
2026-09-30T14:55:52.805+05:30 DEBUG 28552 --- [siec-accounting] [http-nio-9093-exec-8] s.w.s.m.m.a.RequestMappingHandlerMapping : Mapped to com.siec_acc.controller.ClientController#getClientTypes()
2026-09-30T14:55:52.806+05:30  INFO 28552 --- [siec-accounting] [http-nio-9093-exec-8] c.siec_acc.controller.ClientController   : API HIT: GET /get-client-types
2026-09-30T14:55:52.806+05:30  INFO 28552 --- [siec-accounting] [http-nio-9093-exec-8] c.s.s.serviceImpl.ClientServiceImpl      : Fetching client types
2026-09-30T14:55:52.817+05:30 DEBUG 28552 --- [siec-accounting] [http-nio-9093-exec-8] o.s.w.s.m.m.a.HttpEntityMethodProcessor  : Using 'application/json', given [*/*] and supported [application/json, application/*+json]
2026-09-30T14:55:52.818+05:30 DEBUG 28552 --- [siec-accounting] [http-nio-9093-exec-8] o.s.w.s.m.m.a.HttpEntityMethodProcessor  : Writing [com.siec_acc.exceptions.ApiResponse@2acc0b50]
2026-09-30T14:55:52.820+05:30 DEBUG 28552 --- [siec-accounting] [http-nio-9093-exec-8] o.s.web.servlet.DispatcherServlet        : Completed 200 OK
2026-09-30T14:55:52.859+05:30 DEBUG 28552 --- [siec-accounting] [http-nio-9093-exec-9] o.s.web.servlet.DispatcherServlet        : GET "/api/clients/v1/get-all-clients?status=all&gst=all&type=all&page=1&size=10", parameters={masked}
2026-09-30T14:55:52.860+05:30 DEBUG 28552 --- [siec-accounting] [http-nio-9093-exec-9] s.w.s.m.m.a.RequestMappingHandlerMapping : Mapped to com.siec_acc.controller.ClientController#getAllClients(String, String, String, String, Integer, Integer)
2026-09-30T14:55:52.861+05:30  INFO 28552 --- [siec-accounting] [http-nio-9093-exec-9] c.siec_acc.controller.ClientController   : API HIT: GET /get-all-clients | status=all gst=all type=all search= page=1 size=10
2026-09-30T14:55:52.861+05:30  INFO 28552 --- [siec-accounting] [http-nio-9093-exec-9] c.s.s.serviceImpl.ClientServiceImpl      : Fetching customers | status=all gst=all type=all search= page=1 size=10
2026-09-30T14:55:52.878+05:30 DEBUG 28552 --- [siec-accounting] [http-nio-9093-exec-9] o.s.w.s.m.m.a.HttpEntityMethodProcessor  : Using 'application/json', given [*/*] and supported [application/json, application/*+json]
2026-09-30T14:55:52.879+05:30 DEBUG 28552 --- [siec-accounting] [http-nio-9093-exec-9] o.s.w.s.m.m.a.HttpEntityMethodProcessor  : Writing [com.siec_acc.exceptions.ApiResponse@66278021]
2026-09-30T14:55:52.881+05:30 DEBUG 28552 --- [siec-accounting] [http-nio-9093-exec-9] o.s.web.servlet.DispatcherServlet        : Completed 200 OK
2026-09-30T14:55:56.448+05:30 DEBUG 28552 --- [siec-accounting] [http-nio-9093-exec-10] o.s.web.servlet.DispatcherServlet        : GET "/api/clients/v1/get-client-types", parameters={}
2026-09-30T14:55:56.448+05:30 DEBUG 28552 --- [siec-accounting] [http-nio-9093-exec-10] s.w.s.m.m.a.RequestMappingHandlerMapping : Mapped to com.siec_acc.controller.ClientController#getClientTypes()
2026-09-30T14:55:56.449+05:30  INFO 28552 --- [siec-accounting] [http-nio-9093-exec-10] c.siec_acc.controller.ClientController   : API HIT: GET /get-client-types
2026-09-30T14:55:56.449+05:30  INFO 28552 --- [siec-accounting] [http-nio-9093-exec-10] c.s.s.serviceImpl.ClientServiceImpl      : Fetching client types
2026-09-30T14:55:56.460+05:30 DEBUG 28552 --- [siec-accounting] [http-nio-9093-exec-10] o.s.w.s.m.m.a.HttpEntityMethodProcessor  : Using 'application/json', given [*/*] and supported [application/json, application/*+json]
2026-09-30T14:55:56.461+05:30 DEBUG 28552 --- [siec-accounting] [http-nio-9093-exec-10] o.s.w.s.m.m.a.HttpEntityMethodProcessor  : Writing [com.siec_acc.exceptions.ApiResponse@12011c34]
2026-09-30T14:55:56.463+05:30 DEBUG 28552 --- [siec-accounting] [http-nio-9093-exec-10] o.s.web.servlet.DispatcherServlet        : Completed 200 OK
2026-09-30T14:55:56.487+05:30 DEBUG 28552 --- [siec-accounting] [http-nio-9093-exec-1] o.s.web.servlet.DispatcherServlet        : GET "/api/clients/v1/get-all-clients?status=all&gst=all&type=all&page=1&size=10", parameters={masked}
2026-09-30T14:55:56.490+05:30 DEBUG 28552 --- [siec-accounting] [http-nio-9093-exec-1] s.w.s.m.m.a.RequestMappingHandlerMapping : Mapped to com.siec_acc.controller.ClientController#getAllClients(String, String, String, String, Integer, Integer)
2026-09-30T14:55:56.491+05:30  INFO 28552 --- [siec-accounting] [http-nio-9093-exec-1] c.siec_acc.controller.ClientController   : API HIT: GET /get-all-clients | status=all gst=all type=all search= page=1 size=10
2026-09-30T14:55:56.491+05:30  INFO 28552 --- [siec-accounting] [http-nio-9093-exec-1] c.s.s.serviceImpl.ClientServiceImpl      : Fetching customers | status=all gst=all type=all search= page=1 size=10
2026-09-30T14:55:56.511+05:30 DEBUG 28552 --- [siec-accounting] [http-nio-9093-exec-1] o.s.w.s.m.m.a.HttpEntityMethodProcessor  : Using 'application/json', given [*/*] and supported [application/json, application/*+json]
2026-09-30T14:55:56.511+05:30 DEBUG 28552 --- [siec-accounting] [http-nio-9093-exec-1] o.s.w.s.m.m.a.HttpEntityMethodProcessor  : Writing [com.siec_acc.exceptions.ApiResponse@572fad59]
2026-09-30T14:55:56.513+05:30 DEBUG 28552 --- [siec-accounting] [http-nio-9093-exec-1] o.s.web.servlet.DispatcherServlet        : Completed 200 OK
2026-09-30T14:56:11.487+05:30 DEBUG 28552 --- [siec-accounting] [http-nio-9093-exec-3] o.s.web.servlet.DispatcherServlet        : GET "/api/clients/v1/get-client/CUS-001", parameters={}
2026-09-30T14:56:11.489+05:30 DEBUG 28552 --- [siec-accounting] [http-nio-9093-exec-3] s.w.s.m.m.a.RequestMappingHandlerMapping : Mapped to com.siec_acc.controller.ClientController#getClient(String)
2026-09-30T14:56:11.491+05:30  INFO 28552 --- [siec-accounting] [http-nio-9093-exec-3] c.siec_acc.controller.ClientController   : API HIT: GET /get-client/CUS-001
2026-09-30T14:56:11.492+05:30  INFO 28552 --- [siec-accounting] [http-nio-9093-exec-3] c.s.s.serviceImpl.ClientServiceImpl      : Fetching customer: CUS-001
2026-09-30T14:56:11.985+05:30 DEBUG 28552 --- [siec-accounting] [http-nio-9093-exec-3] o.s.w.s.m.m.a.HttpEntityMethodProcessor  : Using 'application/json', given [*/*] and supported [application/json, application/*+json]
2026-09-30T14:56:11.986+05:30 DEBUG 28552 --- [siec-accounting] [http-nio-9093-exec-3] o.s.w.s.m.m.a.HttpEntityMethodProcessor  : Writing [com.siec_acc.exceptions.ApiResponse@1cf1fdf]
2026-09-30T14:56:11.989+05:30 DEBUG 28552 --- [siec-accounting] [http-nio-9093-exec-3] o.s.web.servlet.DispatcherServlet        : Completed 200 OK
2026-09-30T14:56:26.382+05:30 DEBUG 28552 --- [siec-accounting] [http-nio-9093-exec-4] o.s.web.servlet.DispatcherServlet        : PUT "/api/clients/v1/update-client/CUS-001", parameters={}
2026-09-30T14:56:26.384+05:30 DEBUG 28552 --- [siec-accounting] [http-nio-9093-exec-4] s.w.s.m.m.a.RequestMappingHandlerMapping : Mapped to com.siec_acc.controller.ClientController#updateClient(String, ClientRequestDto)
2026-09-30T14:56:26.452+05:30 DEBUG 28552 --- [siec-accounting] [http-nio-9093-exec-4] m.m.a.RequestResponseBodyMethodProcessor : Read "application/json;charset=UTF-8" to [com.siec_acc.dto.request.ClientRequestDto@efad62f]
2026-09-30T14:56:26.456+05:30  INFO 28552 --- [siec-accounting] [http-nio-9093-exec-4] c.siec_acc.controller.ClientController   : API HIT: PUT /update-client/CUS-001
2026-09-30T14:56:26.459+05:30  INFO 28552 --- [siec-accounting] [http-nio-9093-exec-4] c.s.s.serviceImpl.ClientServiceImpl      : Updating customer: CUS-001
2026-09-30T14:56:26.498+05:30  INFO 28552 --- [siec-accounting] [http-nio-9093-exec-4] c.s.s.serviceImpl.ClientServiceImpl      : Customer updated successfully: CUS-001
2026-09-30T14:56:26.562+05:30 DEBUG 28552 --- [siec-accounting] [http-nio-9093-exec-4] o.s.w.s.m.m.a.HttpEntityMethodProcessor  : Using 'application/json', given [*/*] and supported [application/json, application/*+json]
2026-09-30T14:56:26.563+05:30 DEBUG 28552 --- [siec-accounting] [http-nio-9093-exec-4] o.s.w.s.m.m.a.HttpEntityMethodProcessor  : Writing [com.siec_acc.exceptions.ApiResponse@74b45096]
2026-09-30T14:56:26.565+05:30 DEBUG 28552 --- [siec-accounting] [http-nio-9093-exec-4] o.s.web.servlet.DispatcherServlet        : Completed 200 OK
2026-09-30T14:56:26.570+05:30 DEBUG 28552 --- [siec-accounting] [http-nio-9093-exec-5] o.s.web.servlet.DispatcherServlet        : GET "/api/clients/v1/get-client-types", parameters={}
2026-09-30T14:56:26.571+05:30 DEBUG 28552 --- [siec-accounting] [http-nio-9093-exec-5] s.w.s.m.m.a.RequestMappingHandlerMapping : Mapped to com.siec_acc.controller.ClientController#getClientTypes()
2026-09-30T14:56:26.571+05:30  INFO 28552 --- [siec-accounting] [http-nio-9093-exec-5] c.siec_acc.controller.ClientController   : API HIT: GET /get-client-types
2026-09-30T14:56:26.571+05:30  INFO 28552 --- [siec-accounting] [http-nio-9093-exec-5] c.s.s.serviceImpl.ClientServiceImpl      : Fetching client types
2026-09-30T14:56:26.578+05:30 DEBUG 28552 --- [siec-accounting] [http-nio-9093-exec-5] o.s.w.s.m.m.a.HttpEntityMethodProcessor  : Using 'application/json', given [*/*] and supported [application/json, application/*+json]
2026-09-30T14:56:26.578+05:30 DEBUG 28552 --- [siec-accounting] [http-nio-9093-exec-5] o.s.w.s.m.m.a.HttpEntityMethodProcessor  : Writing [com.siec_acc.exceptions.ApiResponse@289b4997]
2026-09-30T14:56:26.580+05:30 DEBUG 28552 --- [siec-accounting] [http-nio-9093-exec-5] o.s.web.servlet.DispatcherServlet        : Completed 200 OK
2026-09-30T14:56:26.583+05:30 DEBUG 28552 --- [siec-accounting] [http-nio-9093-exec-6] o.s.web.servlet.DispatcherServlet        : GET "/api/clients/v1/get-all-clients?status=all&gst=all&type=all&page=1&size=10", parameters={masked}
2026-09-30T14:56:26.583+05:30 DEBUG 28552 --- [siec-accounting] [http-nio-9093-exec-6] s.w.s.m.m.a.RequestMappingHandlerMapping : Mapped to com.siec_acc.controller.ClientController#getAllClients(String, String, String, String, Integer, Integer)
2026-09-30T14:56:26.584+05:30  INFO 28552 --- [siec-accounting] [http-nio-9093-exec-6] c.siec_acc.controller.ClientController   : API HIT: GET /get-all-clients | status=all gst=all type=all search= page=1 size=10
2026-09-30T14:56:26.584+05:30  INFO 28552 --- [siec-accounting] [http-nio-9093-exec-6] c.s.s.serviceImpl.ClientServiceImpl      : Fetching customers | status=all gst=all type=all search= page=1 size=10
2026-09-30T14:56:26.602+05:30 DEBUG 28552 --- [siec-accounting] [http-nio-9093-exec-6] o.s.w.s.m.m.a.HttpEntityMethodProcessor  : Using 'application/json', given [*/*] and supported [application/json, application/*+json]
2026-09-30T14:56:26.602+05:30 DEBUG 28552 --- [siec-accounting] [http-nio-9093-exec-6] o.s.w.s.m.m.a.HttpEntityMethodProcessor  : Writing [com.siec_acc.exceptions.ApiResponse@6f764ede]
2026-09-30T14:56:26.604+05:30 DEBUG 28552 --- [siec-accounting] [http-nio-9093-exec-6] o.s.web.servlet.DispatcherServlet        : Completed 200 OK
2026-09-30T14:56:37.170+05:30 DEBUG 28552 --- [siec-accounting] [http-nio-9093-exec-7] o.s.web.servlet.DispatcherServlet        : GET "/api/clients/v1/get-all-clients?status=all&gst=all&type=XYZ&page=1&size=10", parameters={masked}
2026-09-30T14:56:37.170+05:30 DEBUG 28552 --- [siec-accounting] [http-nio-9093-exec-7] s.w.s.m.m.a.RequestMappingHandlerMapping : Mapped to com.siec_acc.controller.ClientController#getAllClients(String, String, String, String, Integer, Integer)
2026-09-30T14:56:37.171+05:30  INFO 28552 --- [siec-accounting] [http-nio-9093-exec-7] c.siec_acc.controller.ClientController   : API HIT: GET /get-all-clients | status=all gst=all type=XYZ search= page=1 size=10
2026-09-30T14:56:37.171+05:30  INFO 28552 --- [siec-accounting] [http-nio-9093-exec-7] c.s.s.serviceImpl.ClientServiceImpl      : Fetching customers | status=all gst=all type=XYZ search= page=1 size=10
2026-09-30T14:56:37.189+05:30 DEBUG 28552 --- [siec-accounting] [http-nio-9093-exec-7] o.s.w.s.m.m.a.HttpEntityMethodProcessor  : Using 'application/json', given [*/*] and supported [application/json, application/*+json]
2026-09-30T14:56:37.189+05:30 DEBUG 28552 --- [siec-accounting] [http-nio-9093-exec-7] o.s.w.s.m.m.a.HttpEntityMethodProcessor  : Writing [com.siec_acc.exceptions.ApiResponse@8ef222]
2026-09-30T14:56:37.190+05:30 DEBUG 28552 --- [siec-accounting] [http-nio-9093-exec-7] o.s.web.servlet.DispatcherServlet        : Completed 200 OK
2026-09-30T14:56:54.483+05:30 DEBUG 28552 --- [siec-accounting] [http-nio-9093-exec-8] o.s.web.servlet.DispatcherServlet        : GET "/api/clients/v1/get-all-clients?status=all&gst=all&type=all&page=1&size=10", parameters={masked}
2026-09-30T14:56:54.484+05:30 DEBUG 28552 --- [siec-accounting] [http-nio-9093-exec-8] s.w.s.m.m.a.RequestMappingHandlerMapping : Mapped to com.siec_acc.controller.ClientController#getAllClients(String, String, String, String, Integer, Integer)
2026-09-30T14:56:54.485+05:30  INFO 28552 --- [siec-accounting] [http-nio-9093-exec-8] c.siec_acc.controller.ClientController   : API HIT: GET /get-all-clients | status=all gst=all type=all search= page=1 size=10
2026-09-30T14:56:54.485+05:30  INFO 28552 --- [siec-accounting] [http-nio-9093-exec-8] c.s.s.serviceImpl.ClientServiceImpl      : Fetching customers | status=all gst=all type=all search= page=1 size=10
2026-09-30T14:56:54.500+05:30 DEBUG 28552 --- [siec-accounting] [http-nio-9093-exec-8] o.s.w.s.m.m.a.HttpEntityMethodProcessor  : Using 'application/json', given [*/*] and supported [application/json, application/*+json]
2026-09-30T14:56:54.500+05:30 DEBUG 28552 --- [siec-accounting] [http-nio-9093-exec-8] o.s.w.s.m.m.a.HttpEntityMethodProcessor  : Writing [com.siec_acc.exceptions.ApiResponse@7f92a264]
2026-09-30T14:56:54.501+05:30 DEBUG 28552 --- [siec-accounting] [http-nio-9093-exec-8] o.s.web.servlet.DispatcherServlet        : Completed 200 OK
2026-09-30T15:00:08.353+05:30 DEBUG 28552 --- [siec-accounting] [http-nio-9093-exec-1] o.s.web.servlet.DispatcherServlet        : POST "/api/clients/v1/create-client", parameters={}
2026-09-30T15:00:08.354+05:30 DEBUG 28552 --- [siec-accounting] [http-nio-9093-exec-1] s.w.s.m.m.a.RequestMappingHandlerMapping : Mapped to com.siec_acc.controller.ClientController#createClient(ClientRequestDto)
2026-09-30T15:00:08.358+05:30 DEBUG 28552 --- [siec-accounting] [http-nio-9093-exec-1] m.m.a.RequestResponseBodyMethodProcessor : Read "application/json;charset=UTF-8" to [com.siec_acc.dto.request.ClientRequestDto@23b985ae]
2026-09-30T15:00:08.359+05:30  INFO 28552 --- [siec-accounting] [http-nio-9093-exec-1] c.siec_acc.controller.ClientController   : API HIT: POST /create-client | name=
2026-09-30T15:00:08.363+05:30  INFO 28552 --- [siec-accounting] [http-nio-9093-exec-1] c.s.s.serviceImpl.ClientServiceImpl      : Creating new client with name: 
2026-09-30T15:00:08.440+05:30  INFO 28552 --- [siec-accounting] [http-nio-9093-exec-1] c.s.s.serviceImpl.ClientServiceImpl      : Customer created successfully: CUS-018
2026-09-30T15:00:08.453+05:30 DEBUG 28552 --- [siec-accounting] [http-nio-9093-exec-1] o.s.w.s.m.m.a.HttpEntityMethodProcessor  : Using 'application/json', given [*/*] and supported [application/json, application/*+json]
2026-09-30T15:00:08.456+05:30 DEBUG 28552 --- [siec-accounting] [http-nio-9093-exec-1] o.s.w.s.m.m.a.HttpEntityMethodProcessor  : Writing [com.siec_acc.exceptions.ApiResponse@235c2211]
2026-09-30T15:00:08.460+05:30 DEBUG 28552 --- [siec-accounting] [http-nio-9093-exec-1] o.s.web.servlet.DispatcherServlet        : Completed 201 CREATED
2026-09-30T15:00:08.466+05:30 DEBUG 28552 --- [siec-accounting] [http-nio-9093-exec-3] o.s.web.servlet.DispatcherServlet        : GET "/api/clients/v1/get-client-types", parameters={}
2026-09-30T15:00:08.467+05:30 DEBUG 28552 --- [siec-accounting] [http-nio-9093-exec-3] s.w.s.m.m.a.RequestMappingHandlerMapping : Mapped to com.siec_acc.controller.ClientController#getClientTypes()
2026-09-30T15:00:08.468+05:30  INFO 28552 --- [siec-accounting] [http-nio-9093-exec-3] c.siec_acc.controller.ClientController   : API HIT: GET /get-client-types
2026-09-30T15:00:08.468+05:30  INFO 28552 --- [siec-accounting] [http-nio-9093-exec-3] c.s.s.serviceImpl.ClientServiceImpl      : Fetching client types
2026-09-30T15:00:08.483+05:30 DEBUG 28552 --- [siec-accounting] [http-nio-9093-exec-3] o.s.w.s.m.m.a.HttpEntityMethodProcessor  : Using 'application/json', given [*/*] and supported [application/json, application/*+json]
2026-09-30T15:00:08.483+05:30 DEBUG 28552 --- [siec-accounting] [http-nio-9093-exec-3] o.s.w.s.m.m.a.HttpEntityMethodProcessor  : Writing [com.siec_acc.exceptions.ApiResponse@436ba7f5]
2026-09-30T15:00:08.487+05:30 DEBUG 28552 --- [siec-accounting] [http-nio-9093-exec-3] o.s.web.servlet.DispatcherServlet        : Completed 200 OK
2026-09-30T15:00:08.494+05:30 DEBUG 28552 --- [siec-accounting] [http-nio-9093-exec-2] o.s.web.servlet.DispatcherServlet        : GET "/api/clients/v1/get-all-clients?status=all&gst=all&type=all&page=1&size=10", parameters={masked}
2026-09-30T15:00:08.495+05:30 DEBUG 28552 --- [siec-accounting] [http-nio-9093-exec-2] s.w.s.m.m.a.RequestMappingHandlerMapping : Mapped to com.siec_acc.controller.ClientController#getAllClients(String, String, String, String, Integer, Integer)
2026-09-30T15:00:08.498+05:30  INFO 28552 --- [siec-accounting] [http-nio-9093-exec-2] c.siec_acc.controller.ClientController   : API HIT: GET /get-all-clients | status=all gst=all type=all search= page=1 size=10
2026-09-30T15:00:08.499+05:30  INFO 28552 --- [siec-accounting] [http-nio-9093-exec-2] c.s.s.serviceImpl.ClientServiceImpl      : Fetching customers | status=all gst=all type=all search= page=1 size=10
2026-09-30T15:00:08.531+05:30 DEBUG 28552 --- [siec-accounting] [http-nio-9093-exec-2] o.s.w.s.m.m.a.HttpEntityMethodProcessor  : Using 'application/json', given [*/*] and supported [application/json, application/*+json]
2026-09-30T15:00:08.532+05:30 DEBUG 28552 --- [siec-accounting] [http-nio-9093-exec-2] o.s.w.s.m.m.a.HttpEntityMethodProcessor  : Writing [com.siec_acc.exceptions.ApiResponse@1dc1181a]
2026-09-30T15:00:08.534+05:30 DEBUG 28552 --- [siec-accounting] [http-nio-9093-exec-2] o.s.web.servlet.DispatcherServlet        : Completed 200 OK
2026-09-30T15:00:13.757+05:30 DEBUG 28552 --- [siec-accounting] [http-nio-9093-exec-4] o.s.web.servlet.DispatcherServlet        : GET "/api/clients/v1/get-all-clients?status=all&gst=all&type=all&page=2&size=10", parameters={masked}
2026-09-30T15:00:13.758+05:30 DEBUG 28552 --- [siec-accounting] [http-nio-9093-exec-4] s.w.s.m.m.a.RequestMappingHandlerMapping : Mapped to com.siec_acc.controller.ClientController#getAllClients(String, String, String, String, Integer, Integer)
2026-09-30T15:00:13.760+05:30  INFO 28552 --- [siec-accounting] [http-nio-9093-exec-4] c.siec_acc.controller.ClientController   : API HIT: GET /get-all-clients | status=all gst=all type=all search= page=2 size=10
2026-09-30T15:00:13.760+05:30  INFO 28552 --- [siec-accounting] [http-nio-9093-exec-4] c.s.s.serviceImpl.ClientServiceImpl      : Fetching customers | status=all gst=all type=all search= page=2 size=10
2026-09-30T15:00:13.786+05:30 DEBUG 28552 --- [siec-accounting] [http-nio-9093-exec-4] o.s.w.s.m.m.a.HttpEntityMethodProcessor  : Using 'application/json', given [*/*] and supported [application/json, application/*+json]
2026-09-30T15:00:13.787+05:30 DEBUG 28552 --- [siec-accounting] [http-nio-9093-exec-4] o.s.w.s.m.m.a.HttpEntityMethodProcessor  : Writing [com.siec_acc.exceptions.ApiResponse@4c6f6bd2]
2026-09-30T15:00:13.790+05:30 DEBUG 28552 --- [siec-accounting] [http-nio-9093-exec-4] o.s.web.servlet.DispatcherServlet        : Completed 200 OK
2026-09-30T15:00:24.977+05:30 DEBUG 28552 --- [siec-accounting] [http-nio-9093-exec-5] o.s.web.servlet.DispatcherServlet        : GET "/api/clients/v1/get-all-clients?status=all&gst=all&type=gtgfgffggfgfgf&page=1&size=10", parameters={masked}
2026-09-30T15:00:24.978+05:30 DEBUG 28552 --- [siec-accounting] [http-nio-9093-exec-5] s.w.s.m.m.a.RequestMappingHandlerMapping : Mapped to com.siec_acc.controller.ClientController#getAllClients(String, String, String, String, Integer, Integer)
2026-09-30T15:00:24.981+05:30  INFO 28552 --- [siec-accounting] [http-nio-9093-exec-5] c.siec_acc.controller.ClientController   : API HIT: GET /get-all-clients | status=all gst=all type=gtgfgffggfgfgf search= page=1 size=10
2026-09-30T15:00:24.981+05:30  INFO 28552 --- [siec-accounting] [http-nio-9093-exec-5] c.s.s.serviceImpl.ClientServiceImpl      : Fetching customers | status=all gst=all type=gtgfgffggfgfgf search= page=1 size=10
2026-09-30T15:00:25.009+05:30 DEBUG 28552 --- [siec-accounting] [http-nio-9093-exec-5] o.s.w.s.m.m.a.HttpEntityMethodProcessor  : Using 'application/json', given [*/*] and supported [application/json, application/*+json]
2026-09-30T15:00:25.009+05:30 DEBUG 28552 --- [siec-accounting] [http-nio-9093-exec-5] o.s.w.s.m.m.a.HttpEntityMethodProcessor  : Writing [com.siec_acc.exceptions.ApiResponse@1936660e]
2026-09-30T15:00:25.012+05:30 DEBUG 28552 --- [siec-accounting] [http-nio-9093-exec-5] o.s.web.servlet.DispatcherServlet        : Completed 200 OK
2026-09-30T15:00:47.846+05:30 DEBUG 28552 --- [siec-accounting] [http-nio-9093-exec-6] o.s.web.servlet.DispatcherServlet        : GET "/api/clients/v1/get-all-clients?status=all&gst=all&type=XYZ&page=1&size=10", parameters={masked}
2026-09-30T15:00:47.847+05:30 DEBUG 28552 --- [siec-accounting] [http-nio-9093-exec-6] s.w.s.m.m.a.RequestMappingHandlerMapping : Mapped to com.siec_acc.controller.ClientController#getAllClients(String, String, String, String, Integer, Integer)
2026-09-30T15:00:47.848+05:30  INFO 28552 --- [siec-accounting] [http-nio-9093-exec-6] c.siec_acc.controller.ClientController   : API HIT: GET /get-all-clients | status=all gst=all type=XYZ search= page=1 size=10
2026-09-30T15:00:47.849+05:30  INFO 28552 --- [siec-accounting] [http-nio-9093-exec-6] c.s.s.serviceImpl.ClientServiceImpl      : Fetching customers | status=all gst=all type=XYZ search= page=1 size=10
2026-09-30T15:00:47.876+05:30 DEBUG 28552 --- [siec-accounting] [http-nio-9093-exec-6] o.s.w.s.m.m.a.HttpEntityMethodProcessor  : Using 'application/json', given [*/*] and supported [application/json, application/*+json]
2026-09-30T15:00:47.877+05:30 DEBUG 28552 --- [siec-accounting] [http-nio-9093-exec-6] o.s.w.s.m.m.a.HttpEntityMethodProcessor  : Writing [com.siec_acc.exceptions.ApiResponse@171176c7]
2026-09-30T15:00:47.881+05:30 DEBUG 28552 --- [siec-accounting] [http-nio-9093-exec-6] o.s.web.servlet.DispatcherServlet        : Completed 200 OK
2026-09-30T15:00:53.422+05:30 DEBUG 28552 --- [siec-accounting] [http-nio-9093-exec-7] o.s.web.servlet.DispatcherServlet        : GET "/api/clients/v1/get-all-clients?status=all&gst=all&type=all&page=1&size=10", parameters={masked}
2026-09-30T15:00:53.422+05:30 DEBUG 28552 --- [siec-accounting] [http-nio-9093-exec-7] s.w.s.m.m.a.RequestMappingHandlerMapping : Mapped to com.siec_acc.controller.ClientController#getAllClients(String, String, String, String, Integer, Integer)
2026-09-30T15:00:53.423+05:30  INFO 28552 --- [siec-accounting] [http-nio-9093-exec-7] c.siec_acc.controller.ClientController   : API HIT: GET /get-all-clients | status=all gst=all type=all search= page=1 size=10
2026-09-30T15:00:53.424+05:30  INFO 28552 --- [siec-accounting] [http-nio-9093-exec-7] c.s.s.serviceImpl.ClientServiceImpl      : Fetching customers | status=all gst=all type=all search= page=1 size=10
2026-09-30T15:00:53.454+05:30 DEBUG 28552 --- [siec-accounting] [http-nio-9093-exec-7] o.s.w.s.m.m.a.HttpEntityMethodProcessor  : Using 'application/json', given [*/*] and supported [application/json, application/*+json]
2026-09-30T15:00:53.455+05:30 DEBUG 28552 --- [siec-accounting] [http-nio-9093-exec-7] o.s.w.s.m.m.a.HttpEntityMethodProcessor  : Writing [com.siec_acc.exceptions.ApiResponse@ed19798]
2026-09-30T15:00:53.457+05:30 DEBUG 28552 --- [siec-accounting] [http-nio-9093-exec-7] o.s.web.servlet.DispatcherServlet        : Completed 200 OK
2026-09-30T16:07:10.233+05:30 DEBUG 28552 --- [siec-accounting] [http-nio-9093-exec-9] o.s.web.servlet.DispatcherServlet        : GET "/api/clients/v1/get-client-types", parameters={}
2026-09-30T16:07:10.234+05:30 DEBUG 28552 --- [siec-accounting] [http-nio-9093-exec-9] s.w.s.m.m.a.RequestMappingHandlerMapping : Mapped to com.siec_acc.controller.ClientController#getClientTypes()
2026-09-30T16:07:10.236+05:30  INFO 28552 --- [siec-accounting] [http-nio-9093-exec-9] c.siec_acc.controller.ClientController   : API HIT: GET /get-client-types
2026-09-30T16:07:10.236+05:30  INFO 28552 --- [siec-accounting] [http-nio-9093-exec-9] c.s.s.serviceImpl.ClientServiceImpl      : Fetching client types
2026-09-30T16:07:10.270+05:30 DEBUG 28552 --- [siec-accounting] [http-nio-9093-exec-9] o.s.w.s.m.m.a.HttpEntityMethodProcessor  : Using 'application/json', given [*/*] and supported [application/json, application/*+json]
2026-09-30T16:07:10.270+05:30 DEBUG 28552 --- [siec-accounting] [http-nio-9093-exec-9] o.s.w.s.m.m.a.HttpEntityMethodProcessor  : Writing [com.siec_acc.exceptions.ApiResponse@69674306]
2026-09-30T16:07:10.277+05:30 DEBUG 28552 --- [siec-accounting] [http-nio-9093-exec-9] o.s.web.servlet.DispatcherServlet        : Completed 200 OK
2026-09-30T16:07:10.296+05:30 DEBUG 28552 --- [siec-accounting] [http-nio-9093-exec-10] o.s.web.servlet.DispatcherServlet        : GET "/api/clients/v1/get-all-clients?status=all&gst=all&type=all&page=1&size=10", parameters={masked}
2026-09-30T16:07:10.296+05:30 DEBUG 28552 --- [siec-accounting] [http-nio-9093-exec-10] s.w.s.m.m.a.RequestMappingHandlerMapping : Mapped to com.siec_acc.controller.ClientController#getAllClients(String, String, String, String, Integer, Integer)
2026-09-30T16:07:10.301+05:30  INFO 28552 --- [siec-accounting] [http-nio-9093-exec-10] c.siec_acc.controller.ClientController   : API HIT: GET /get-all-clients | status=all gst=all type=all search= page=1 size=10
2026-09-30T16:07:10.301+05:30  INFO 28552 --- [siec-accounting] [http-nio-9093-exec-10] c.s.s.serviceImpl.ClientServiceImpl      : Fetching customers | status=all gst=all type=all search= page=1 size=10
2026-09-30T16:07:10.335+05:30 DEBUG 28552 --- [siec-accounting] [http-nio-9093-exec-10] o.s.w.s.m.m.a.HttpEntityMethodProcessor  : Using 'application/json', given [*/*] and supported [application/json, application/*+json]
2026-09-30T16:07:10.335+05:30 DEBUG 28552 --- [siec-accounting] [http-nio-9093-exec-10] o.s.w.s.m.m.a.HttpEntityMethodProcessor  : Writing [com.siec_acc.exceptions.ApiResponse@5f803b28]
2026-09-30T16:07:10.337+05:30 DEBUG 28552 --- [siec-accounting] [http-nio-9093-exec-10] o.s.web.servlet.DispatcherServlet        : Completed 200 OK
